Chars,Info
Establecimiento 1,
id de establecimiento,6273616
Nombre de la unidad económica:,HOTEL CATZIN
Razón social:,
Nombre de la clase de actividad:,Hoteles sin otros servicios integrados
Personal ocupado (estrato):,0 a 5 personas
Tipo de vialidad:,CALLE
Nombre de la vialidad:,NINGUNO
Número exterior o km:,1
Número o letra interior:,
Nombre del asentamiento humano:,58 UNIDAD MORELOS
Código postal:,77515
"Entidad,Municipio,Localidad:","CANCÚN, Benito Juárez, QUINTANA ROO"
Número de teléfono:,
Correo electrónico:,
Sitio en Internet:,
Tipo de unidad económica:,Fijo
Latitud:,21.16125733
Longitud:,-86.85146011
Centro comercial:,
Tipo de centro comercial:,
Número de local:,
Establecimiento 2,
id de establecimiento,8161690
Nombre de la unidad económica:,OFICINA ADMINISTRATIVA TURQUESA
Razón social:,HOTELERA INTERCARIBE SA DE CV
Nombre de la clase de actividad:,Hoteles con otros servicios integrados
Personal ocupado (estrato):,6 a 10 personas
Tipo de vialidad:,CALLE
Nombre de la vialidad:,18 PONIENTE
Número exterior o km:,62
Número o letra interior:,
Nombre del asentamiento humano:,92
Código postal:,77516
"Entidad,Municipio,Localidad:","CANCÚN, Benito Juárez, QUINTANA ROO"
Número de teléfono:,
Correo electrónico:,ALAGUNA@RADIOTURQUESA.FM
Sitio en Internet:,
Tipo de unidad económica:,Fijo
Latitud:,21.163447
Longitud:,-86.850692
Centro comercial:,
Tipo de centro comercial:,
Número de local:,
Establecimiento 3,
id de establecimiento,8869842
Nombre de la unidad económica:,LAVANDERÍA Y TINTORERÍA OASIS
Razón social:,OASIS HOTELES & RESORTS SA DE CV
Nombre de la clase de actividad:,Lavanderías y tintorerías
Personal ocupado (estrato):,0 a 5 personas
Tipo de vialidad:,CALLE
Nombre de la vialidad:,KABAH
Número exterior o km:,50
Número o letra interior:,
Nombre del asentamiento humano:,93
Código postal:,77517
"Entidad,Municipio,Localidad:","CANCÚN, Benito Juárez, QUINTANA ROO"
Número de teléfono:,
Correo electrónico:,CCEFERINO@SERCC.COM.MX
Sitio en Internet:,
Tipo de unidad económica:,Fijo
Latitud:,21.16319822
Longitud:,-86.85297892
Centro comercial:,
Tipo de centro comercial:,
Número de local:,
Establecimiento 4,
id de establecimiento,6384394
Nombre de la unidad económica:,HOTEL AVENIDA CANCUN
Razón social:,PALENMEX SA DE CV
Nombre de la clase de actividad:,Hoteles con otros servicios integrados
Personal ocupado (estrato):,11 a 30 personas
Tipo de vialidad:,AVENIDA
Nombre de la vialidad:,LÓPEZ PORTILLO
Número exterior o km:,2
Número o letra interior:,0
Nombre del asentamiento humano:,60
Código postal:,77514
"Entidad,Municipio,Localidad:","CANCÚN, Benito Juárez, QUINTANA ROO"
Número de teléfono:,
Correo electrónico:,RESERVAS@HOTELAVENIDACANCUN.COM
Sitio en Internet:,
Tipo de unidad económica:,Fijo
Latitud:,21.16371659
Longitud:,-86.84765824
Centro comercial:,
Tipo de centro comercial:,
Número de local:,
Establecimiento 5,
id de establecimiento,8740394
Nombre de la unidad económica:,HOTEL BOUTIQUE CASA MAYORCA
Razón social:,
Nombre de la clase de actividad:,Hoteles sin otros servicios integrados
Personal ocupado (estrato):,0 a 5 personas
Tipo de vialidad:,AVENIDA
Nombre de la vialidad:,PUERTOS
Número exterior o km:,80
Número o letra interior:,
Nombre del asentamiento humano:,SUPMZ 34
Código postal:,77508
"Entidad,Municipio,Localidad:","CANCÚN, Benito Juárez, QUINTANA ROO"
Número de teléfono:,99832554
Correo electrónico:,
Sitio en Internet:,
Tipo de unidad económica:,Fijo
Latitud:,21.15567356
Longitud:,-86.84437285
Centro comercial:,
Tipo de centro comercial:,
Número de local:,
Establecimiento 6,
id de establecimiento,6273492
Nombre de la unidad económica:,HOTEL CHULA VISTA
Razón social:,PROMOTORA DE BIENES Y SERVICIOS CHULA VISTA SA DE CV
Nombre de la clase de actividad:,Hoteles sin otros servicios integrados
Personal ocupado (estrato):,0 a 5 personas
Tipo de vialidad:,AVENIDA
Nombre de la vialidad:,CHICHEN ITZA
Número exterior o km:,61
Número o letra interior:,
Nombre del asentamiento humano:,SUPMZ 61
Código postal:,77514
"Entidad,Municipio,Localidad:","CANCÚN, Benito Juárez, QUINTANA ROO"
Número de teléfono:,
Correo electrónico:,
Sitio en Internet:,
Tipo de unidad económica:,Fijo
Latitud:,21.16490022
Longitud:,-86.83932505
Centro comercial:,
Tipo de centro comercial:,
Número de local:,
Establecimiento 7,
id de establecimiento,6385043
Nombre de la unidad económica:,HOTEL CAGUANGO 99
Razón social:,
Nombre de la clase de actividad:,Hoteles sin otros servicios integrados
Personal ocupado (estrato):,6 a 10 personas
Tipo de vialidad:,CALLE
Nombre de la vialidad:,95 NORTE
Número exterior o km:,
Número o letra interior:,
Nombre del asentamiento humano:,219
Código postal:,77517
"Entidad,Municipio,Localidad:","CANCÚN, Benito Juárez, QUINTANA ROO"
Número de teléfono:,
Correo electrónico:,
Sitio en Internet:,
Tipo de unidad económica:,Fijo
Latitud:,21.17051407
Longitud:,-86.86100884
Centro comercial:,
Tipo de centro comercial:,
Número de local:,
Establecimiento 8,
id de establecimiento,3659919
Nombre de la unidad económica:,HOTEL DE ANGEL
Razón social:,
Nombre de la clase de actividad:,Hoteles sin otros servicios integrados
Personal ocupado (estrato):,0 a 5 personas
Tipo de vialidad:,AVENIDA
Nombre de la vialidad:,LOPEZ PORTILLO
Número exterior o km:,38
Número o letra interior:,
Nombre del asentamiento humano:,62
Código postal:,77513
"Entidad,Municipio,Localidad:","CANCÚN, Benito Juárez, QUINTANA ROO"
Número de teléfono:,
Correo electrónico:,HOTEL_D_ANGEL@HOTMAIL.COM
Sitio en Internet:,
Tipo de unidad económica:,Fijo
Latitud:,21.16805104
Longitud:,-86.83887072
Centro comercial:,
Tipo de centro comercial:,
Número de local:,
Establecimiento 9,
id de establecimiento,6859687
Nombre de la unidad económica:,THE RITZ CARLTON HOTEL COMPANY OF MÉXICO
Razón social:,THE RITZ CARLTON HOTEL COMPANY OF MEXICO SA DE CV
Nombre de la clase de actividad:,Otros servicios de apoyo a los negocios
Personal ocupado (estrato):,0 a 5 personas
Tipo de vialidad:,CALLE
Nombre de la vialidad:,CLL.COLORADO
Número exterior o km:,26
Número o letra interior:,0
Nombre del asentamiento humano:,30
Código postal:,77508
"Entidad,Municipio,Localidad:","CANCÚN, Benito Juárez, QUINTANA ROO"
Número de teléfono:,
Correo electrónico:,LUCIHU611@HOTMAIL.COM
Sitio en Internet:,
Tipo de unidad económica:,Fijo
Latitud:,21.1570311
Longitud:,-86.83712271
Centro comercial:,
Tipo de centro comercial:,
Número de local:,
Establecimiento 10,
id de establecimiento,6878537
Nombre de la unidad económica:,HOSTAL LA RIVIERA
Razón social:,
Nombre de la clase de actividad:,Hoteles sin otros servicios integrados
Personal ocupado (estrato):,0 a 5 personas
Tipo de vialidad:,CALLE
Nombre de la vialidad:,ERIZO
Número exterior o km:,0
Número o letra interior:,0
Nombre del asentamiento humano:,SM 27
Código postal:,77509
"Entidad,Municipio,Localidad:","CANCÚN, Benito Juárez, QUINTANA ROO"
Número de teléfono:,
Correo electrónico:,FRAYLUCAS3@HOTMAIL.COM
Sitio en Internet:,
Tipo de unidad económica:,Fijo
Latitud:,21.16223403
Longitud:,-86.83576438
Centro comercial:,SUPERMANZANA 27
Tipo de centro comercial:,
Número de local:,
Establecimiento 11,
id de establecimiento,6384012
Nombre de la unidad económica:,HOTEL BALAM BALAM
Razón social:,OPERADORA MAKECH SA DE CV
Nombre de la clase de actividad:,Hoteles con otros servicios integrados
Personal ocupado (estrato):,11 a 30 personas
Tipo de vialidad:,AVENIDA
Nombre de la vialidad:,LÓPEZ PORTILLO
Número exterior o km:,1
Número o letra interior:,0
Nombre del asentamiento humano:,94
Código postal:,77517
"Entidad,Municipio,Localidad:","CANCÚN, Benito Juárez, QUINTANA ROO"
Número de teléfono:,
Correo electrónico:,RESERVACIONES.HOTELBALAMCANCUN@GAMAIL.COM
Sitio en Internet:,
Tipo de unidad económica:,Fijo
Latitud:,21.15528893
Longitud:,-86.8652635
Centro comercial:,HOTEL BALAM BALAM
Tipo de centro comercial:,
Número de local:,
Establecimiento 12,
id de establecimiento,6384055
Nombre de la unidad económica:,HOTEL MARÍA DOLORES
Razón social:,
Nombre de la clase de actividad:,Hoteles sin otros servicios integrados
Personal ocupado (estrato):,0 a 5 personas
Tipo de vialidad:,CALLE
Nombre de la vialidad:,41 NORTE
Número exterior o km:,0
Número o letra interior:,0
Nombre del asentamiento humano:,70
Código postal:,77510
"Entidad,Municipio,Localidad:","CANCÚN, Benito Juárez, QUINTANA ROO"
Número de teléfono:,
Correo electrónico:,
Sitio en Internet:,
Tipo de unidad económica:,Fijo
Latitud:,21.17035804
Longitud:,-86.83799581
Centro comercial:,
Tipo de centro comercial:,
Número de local:,
Establecimiento 13,
id de establecimiento,6384395
Nombre de la unidad económica:,HOTEL TANKAH
Razón social:,OPERADORA CANCUN SA DE CV
Nombre de la clase de actividad:,Hoteles con otros servicios integrados
Personal ocupado (estrato):,11 a 30 personas
Tipo de vialidad:,AVENIDA
Nombre de la vialidad:,TANKAH
Número exterior o km:,69
Número o letra interior:,0
Nombre del asentamiento humano:,24
Código postal:,77509
"Entidad,Municipio,Localidad:","CANCÚN, Benito Juárez, QUINTANA ROO"
Número de teléfono:,
Correo electrónico:,IVANCHIALARCON90@GMAIL.COM
Sitio en Internet:,
Tipo de unidad económica:,Fijo
Latitud:,21.16359965
Longitud:,-86.83453229
Centro comercial:,
Tipo de centro comercial:,
Número de local:,
Establecimiento 14,
id de establecimiento,6273459
Nombre de la unidad económica:,HOTEL POSADA IRMA
Razón social:,
Nombre de la clase de actividad:,Hoteles sin otros servicios integrados
Personal ocupado (estrato):,0 a 5 personas
Tipo de vialidad:,AVENIDA
Nombre de la vialidad:,LOPEZ PORTILLO
Número exterior o km:,
Número o letra interior:,
Nombre del asentamiento humano:,SUPERMANZANA 69
Código postal:,77510
"Entidad,Municipio,Localidad:","CANCÚN, Benito Juárez, QUINTANA ROO"
Número de teléfono:,
Correo electrónico:,
Sitio en Internet:,
Tipo de unidad económica:,Fijo
Latitud:,21.16990497
Longitud:,-86.8357977
Centro comercial:,
Tipo de centro comercial:,
Número de local:,
Establecimiento 15,
id de establecimiento,6385736
Nombre de la unidad económica:,OFICINAS ADMINISTRATIVAS ADMINISTRADORA DE SERVICIOS TURISTICOS TULUM RESORTS
Razón social:,ADMINISTRADORA DE SERVICIOS TURISTICOS TULUM RESORTS SA DE CV
Nombre de la clase de actividad:,Hoteles con otros servicios integrados
Personal ocupado (estrato):,11 a 30 personas
Tipo de vialidad:,CALLE
Nombre de la vialidad:,ROBLE
Número exterior o km:,2
Número o letra interior:,43
Nombre del asentamiento humano:,PEDREGAL DEL BOSQUE
Código postal:,77506
"Entidad,Municipio,Localidad:","CANCÚN, Benito Juárez, QUINTANA ROO"
Número de teléfono:,
Correo electrónico:,GERENCIACONTABILIDAD@TULUMRESORTS.COM
Sitio en Internet:,WWW.ANAJOSE.COM.MX
Tipo de unidad económica:,Fijo
Latitud:,21.14871119
Longitud:,-86.83951937
Centro comercial:,
Tipo de centro comercial:,
Número de local:,
Establecimiento 16,
id de establecimiento,6273507
Nombre de la unidad económica:,HOTEL SAN JORGE
Razón social:,
Nombre de la clase de actividad:,Hoteles sin otros servicios integrados
Personal ocupado (estrato):,0 a 5 personas
Tipo de vialidad:,CALLE
Nombre de la vialidad:,31
Número exterior o km:,0
Número o letra interior:,0
Nombre del asentamiento humano:,63
Código postal:,77513
"Entidad,Municipio,Localidad:","CANCÚN, Benito Juárez, QUINTANA ROO"
Número de teléfono:,9982944784
Correo electrónico:,GERARDOPINERAFACTURAS@GMAIL.COM
Sitio en Internet:,
Tipo de unidad económica:,Fijo
Latitud:,21.16977935
Longitud:,-86.83426339
Centro comercial:,
Tipo de centro comercial:,
Número de local:,
Establecimiento 17,
id de establecimiento,6384660
Nombre de la unidad económica:,SUITES GABY HOTEL
Razón social:,HOTELERIA RINCON DEL SURESTE
Nombre de la clase de actividad:,Hoteles con otros servicios integrados
Personal ocupado (estrato):,31 a 50 personas
Tipo de vialidad:,AVENIDA
Nombre de la vialidad:,SUNYAXCHE
Número exterior o km:,46
Número o letra interior:,
Nombre del asentamiento humano:,25
Código postal:,77509
"Entidad,Municipio,Localidad:","CANCÚN, Benito Juárez, QUINTANA ROO"
Número de teléfono:,
Correo electrónico:,HOTEL.SUITESGABY@GMAIL.COM
Sitio en Internet:,
Tipo de unidad económica:,Fijo
Latitud:,21.16210442
Longitud:,-86.83216681
Centro comercial:,
Tipo de centro comercial:,
Número de local:,
Establecimiento 18,
id de establecimiento,6273502
Nombre de la unidad económica:,HOTEL CORAL
Razón social:,CANCUN CORAL SA
Nombre de la clase de actividad:,Hoteles sin otros servicios integrados
Personal ocupado (estrato):,0 a 5 personas
Tipo de vialidad:,AVENIDA
Nombre de la vialidad:,SUNYAXCHE
Número exterior o km:,30
Número o letra interior:,0
Nombre del asentamiento humano:,25
Código postal:,77509
"Entidad,Municipio,Localidad:","CANCÚN, Benito Juárez, QUINTANA ROO"
Número de teléfono:,
Correo electrónico:,HOTELCORAL@HOTMAIL.COM
Sitio en Internet:,WWW.HOTELCORALCANCUN.COM
Tipo de unidad económica:,Fijo
Latitud:,21.1621324
Longitud:,-86.83187905
Centro comercial:,
Tipo de centro comercial:,
Número de local:,
Establecimiento 19,
id de establecimiento,6273622
Nombre de la unidad económica:,HOTEL 29
Razón social:,
Nombre de la clase de actividad:,Hoteles sin otros servicios integrados
Personal ocupado (estrato):,0 a 5 personas
Tipo de vialidad:,CALLE
Nombre de la vialidad:,29 NORTE
Número exterior o km:,
Número o letra interior:,
Nombre del asentamiento humano:,SUPERMANZANA 69
Código postal:,77510
"Entidad,Municipio,Localidad:","CANCÚN, Benito Juárez, QUINTANA ROO"
Número de teléfono:,
Correo electrónico:,
Sitio en Internet:,
Tipo de unidad económica:,Fijo
Latitud:,21.17116907
Longitud:,-86.83429637
Centro comercial:,
Tipo de centro comercial:,
Número de local:,
Establecimiento 20,
id de establecimiento,6273449
Nombre de la unidad económica:,YUM KAAX
Razón social:,GRAN GARIBALDI DE NORTE A SUR SA DE CV
Nombre de la clase de actividad:,Hoteles sin otros servicios integrados
Personal ocupado (estrato):,6 a 10 personas
Tipo de vialidad:,AVENIDA
Nombre de la vialidad:,LOPEZ PORTILLO
Número exterior o km:,
Número o letra interior:,
Nombre del asentamiento humano:,SUPMZ 63
Código postal:,77513
"Entidad,Municipio,Localidad:","CANCÚN, Benito Juárez, QUINTANA ROO"
Número de teléfono:,9988875883
Correo electrónico:,
Sitio en Internet:,
Tipo de unidad económica:,Fijo
Latitud:,21.17051796
Longitud:,-86.83387109
Centro comercial:,
Tipo de centro comercial:,
Número de local:,
Establecimiento 21,
id de establecimiento,6273521
Nombre de la unidad económica:,HOTEL POSADA MARCAS
Razón social:,
Nombre de la clase de actividad:,Hoteles sin otros servicios integrados
Personal ocupado (estrato):,0 a 5 personas
Tipo de vialidad:,CALLE
Nombre de la vialidad:,27
Número exterior o km:,7
Número o letra interior:,
Nombre del asentamiento humano:,63
Código postal:,77513
"Entidad,Municipio,Localidad:","CANCÚN, Benito Juárez, QUINTANA ROO"
Número de teléfono:,9988847747
Correo electrónico:,
Sitio en Internet:,
Tipo de unidad económica:,Fijo
Latitud:,21.16947416
Longitud:,-86.83274759
Centro comercial:,
Tipo de centro comercial:,
Número de local:,
Establecimiento 22,
id de establecimiento,6273461
Nombre de la unidad económica:,HOTEL COSTA CHICA
Razón social:,BERTOLDINO MENDOZA REGUERA
Nombre de la clase de actividad:,Hoteles sin otros servicios integrados
Personal ocupado (estrato):,0 a 5 personas
Tipo de vialidad:,AVENIDA
Nombre de la vialidad:,LOPEZ PORTILLO
Número exterior o km:,
Número o letra interior:,
Nombre del asentamiento humano:,SUPMZ 69
Código postal:,77510
"Entidad,Municipio,Localidad:","CANCÚN, Benito Juárez, QUINTANA ROO"
Número de teléfono:,
Correo electrónico:,CANCUN.COSTACHICA@GMAIL.COM
Sitio en Internet:,
Tipo de unidad económica:,Fijo
Latitud:,21.17111448
Longitud:,-86.83334693
Centro comercial:,
Tipo de centro comercial:,
Número de local:,
Establecimiento 23,
id de establecimiento,6273524
Nombre de la unidad económica:,HOTEL CAREY CANCUN
Razón social:,
Nombre de la clase de actividad:,Hoteles sin otros servicios integrados
Personal ocupado (estrato):,11 a 30 personas
Tipo de vialidad:,CALLE
Nombre de la vialidad:,2
Número exterior o km:,14
Número o letra interior:,
Nombre del asentamiento humano:,SUPERMANZANA 63
Código postal:,77513
"Entidad,Municipio,Localidad:","CANCÚN, Benito Juárez, QUINTANA ROO"
Número de teléfono:,9988844440
Correo electrónico:,
Sitio en Internet:,HTTPSRECEPCIONHOTELCAREYCANCUN.COM
Tipo de unidad económica:,Fijo
Latitud:,21.16844233
Longitud:,-86.83192219
Centro comercial:,
Tipo de centro comercial:,
Número de local:,
Establecimiento 24,
id de establecimiento,6273462
Nombre de la unidad económica:,HOTEL POSADA ACAPULCO
Razón social:,
Nombre de la clase de actividad:,Hoteles sin otros servicios integrados
Personal ocupado (estrato):,0 a 5 personas
Tipo de vialidad:,AVENIDA
Nombre de la vialidad:,LOPEZ PORTILLO
Número exterior o km:,1
Número o letra interior:,
Nombre del asentamiento humano:,SUPERMANZANA 69
Código postal:,77510
"Entidad,Municipio,Localidad:","CANCÚN, Benito Juárez, QUINTANA ROO"
Número de teléfono:,
Correo electrónico:,
Sitio en Internet:,
Tipo de unidad económica:,Fijo
Latitud:,21.17120217
Longitud:,-86.83316922
Centro comercial:,
Tipo de centro comercial:,
Número de local:,
Establecimiento 25,
id de establecimiento,6384466
Nombre de la unidad económica:,HOTEL HACIENDA
Razón social:,CONSURAO EMPRESARIAL CAV SA DE CV
Nombre de la clase de actividad:,Hoteles sin otros servicios integrados
Personal ocupado (estrato):,11 a 30 personas
Tipo de vialidad:,AVENIDA
Nombre de la vialidad:,SUNYAXCHE
Número exterior o km:,39
Número o letra interior:,
Nombre del asentamiento humano:,SUPERMANZANA 24
Código postal:,77509
"Entidad,Municipio,Localidad:","CANCÚN, Benito Juárez, QUINTANA ROO"
Número de teléfono:,
Correo electrónico:,RESERVASHOTELHACIENDA@HOTMAIL.COM
Sitio en Internet:,
Tipo de unidad económica:,Fijo
Latitud:,21.16255204
Longitud:,-86.82994075
Centro comercial:,
Tipo de centro comercial:,
Número de local:,
Establecimiento 26,
id de establecimiento,6273513
Nombre de la unidad económica:,LOS GIRASOLES CANCUN
Razón social:,
Nombre de la clase de actividad:,Hoteles sin otros servicios integrados
Personal ocupado (estrato):,6 a 10 personas
Tipo de vialidad:,CALLE
Nombre de la vialidad:,PIÑA
Número exterior o km:,20
Número o letra interior:,0
Nombre del asentamiento humano:,25
Código postal:,77509
"Entidad,Municipio,Localidad:","CANCÚN, Benito Juárez, QUINTANA ROO"
Número de teléfono:,
Correo electrónico:,LOSGIRASOLESCANCUN@HOTMAIL.COM
Sitio en Internet:,WWW.LOSGIRASOLESCANCUN.COM.MX
Tipo de unidad económica:,Fijo
Latitud:,21.15861088
Longitud:,-86.83005072
Centro comercial:,
Tipo de centro comercial:,
Número de local:,
Establecimiento 27,
id de establecimiento,6383929
Nombre de la unidad económica:,HOTEL CARIBE INTERNACIONAL
Razón social:,
Nombre de la clase de actividad:,Hoteles con otros servicios integrados
Personal ocupado (estrato):,11 a 30 personas
Tipo de vialidad:,AVENIDA
Nombre de la vialidad:,YAXCHILÁN
Número exterior o km:,36
Número o letra interior:,
Nombre del asentamiento humano:,24
Código postal:,77509
"Entidad,Municipio,Localidad:","CANCÚN, Benito Juárez, QUINTANA ROO"
Número de teléfono:,
Correo electrónico:,
Sitio en Internet:,
Tipo de unidad económica:,Fijo
Latitud:,21.16265396
Longitud:,-86.82971889
Centro comercial:,
Tipo de centro comercial:,
Número de local:,
Establecimiento 28,
id de establecimiento,6273624
Nombre de la unidad económica:,HOTEL SANTA MARIA
Razón social:,
Nombre de la clase de actividad:,Hoteles sin otros servicios integrados
Personal ocupado (estrato):,6 a 10 personas
Tipo de vialidad:,AVENIDA
Nombre de la vialidad:,LOPEZ PORTILLO
Número exterior o km:,0
Número o letra interior:,0
Nombre del asentamiento humano:,SUPMZ 63
Código postal:,77513
"Entidad,Municipio,Localidad:","CANCÚN, Benito Juárez, QUINTANA ROO"
Número de teléfono:,
Correo electrónico:,
Sitio en Internet:,
Tipo de unidad económica:,Fijo
Latitud:,21.17137799
Longitud:,-86.83213647
Centro comercial:,
Tipo de centro comercial:,
Número de local:,
Establecimiento 29,
id de establecimiento,8644486
Nombre de la unidad económica:,HOTEL LAS GARDENIAS
Razón social:,ASESORÍA Y CONTROL DEL CARIBE SA DE CV
Nombre de la clase de actividad:,Hoteles sin otros servicios integrados
Personal ocupado (estrato):,0 a 5 personas
Tipo de vialidad:,CALLE
Nombre de la vialidad:,ROBLE
Número exterior o km:,
Número o letra interior:,
Nombre del asentamiento humano:,SUPERMANZANA 23 CENTRO
Código postal:,77500
"Entidad,Municipio,Localidad:","CANCÚN, Benito Juárez, QUINTANA ROO"
Número de teléfono:,
Correo electrónico:,
Sitio en Internet:,WWW.GARDENIAS.MX
Tipo de unidad económica:,Fijo
Latitud:,21.16657575
Longitud:,-86.83003955
Centro comercial:,
Tipo de centro comercial:,
Número de local:,
Establecimiento 30,
id de establecimiento,8719868
Nombre de la unidad económica:,HOTEL SUITS VERSALLES
Razón social:,SRODOLFO GUETIERREZ SOUBLET
Nombre de la clase de actividad:,Departamentos y casas amueblados con servicios de hotelería
Personal ocupado (estrato):,6 a 10 personas
Tipo de vialidad:,AVENIDA
Nombre de la vialidad:,YAXCHILAN
Número exterior o km:,0
Número o letra interior:,0
Nombre del asentamiento humano:,SUPERMANZANA 24
Código postal:,77509
"Entidad,Municipio,Localidad:","CANCÚN, Benito Juárez, QUINTANA ROO"
Número de teléfono:,
Correo electrónico:,RESERVASHOTELVERSALLES@GMAIL.COM
Sitio en Internet:,
Tipo de unidad económica:,Fijo
Latitud:,21.16523806
Longitud:,-86.82967215
Centro comercial:,
Tipo de centro comercial:,
Número de local:,
Establecimiento 31,
id de establecimiento,6273604
Nombre de la unidad económica:,HOTEL Y HOSTAL SAN PATRICIO
Razón social:,
Nombre de la clase de actividad:,Hoteles sin otros servicios integrados
Personal ocupado (estrato):,0 a 5 personas
Tipo de vialidad:,AVENIDA
Nombre de la vialidad:,YAXCHILAN
Número exterior o km:,67
Número o letra interior:,
Nombre del asentamiento humano:,SUPERMANZANA 25
Código postal:,77509
"Entidad,Municipio,Localidad:","CANCÚN, Benito Juárez, QUINTANA ROO"
Número de teléfono:,
Correo electrónico:,
Sitio en Internet:,
Tipo de unidad económica:,Fijo
Latitud:,21.16158536
Longitud:,-86.82935819
Centro comercial:,
Tipo de centro comercial:,
Número de local:,
Establecimiento 32,
id de establecimiento,6383877
Nombre de la unidad económica:,HOTEL RAMADA CANCUN
Razón social:,PENINSULAR DE HOTELES SA DE CV
Nombre de la clase de actividad:,Hoteles con otros servicios integrados
Personal ocupado (estrato):,31 a 50 personas
Tipo de vialidad:,AVENIDA
Nombre de la vialidad:,JAZMINES
Número exterior o km:,2
Número o letra interior:,0
Nombre del asentamiento humano:,22 MZ 22 L 41 43
Código postal:,77500
"Entidad,Municipio,Localidad:","CANCÚN, Benito Juárez, QUINTANA ROO"
Número de teléfono:,
Correo electrónico:,CONTADOR2@GPHOTELES.COM
Sitio en Internet:,
Tipo de unidad económica:,Fijo
Latitud:,21.16271382
Longitud:,-86.82924313
Centro comercial:,
Tipo de centro comercial:,
Número de local:,
Establecimiento 33,
id de establecimiento,6384000
Nombre de la unidad económica:,HOTEL MARÍA DE LOURDES
Razón social:,OPERADORA TURÍSTICA CANCUN SA DE CV
Nombre de la clase de actividad:,Hoteles con otros servicios integrados
Personal ocupado (estrato):,6 a 10 personas
Tipo de vialidad:,AVENIDA
Nombre de la vialidad:,YAXCHILÁN
Número exterior o km:,80
Número o letra interior:,0
Nombre del asentamiento humano:,22
Código postal:,77500
"Entidad,Municipio,Localidad:","CANCÚN, Benito Juárez, QUINTANA ROO"
Número de teléfono:,
Correo electrónico:,
Sitio en Internet:,
Tipo de unidad económica:,Fijo
Latitud:,21.15983698
Longitud:,-86.82904394
Centro comercial:,
Tipo de centro comercial:,
Número de local:,
Establecimiento 34,
id de establecimiento,8827908
Nombre de la unidad económica:,KABAH BOUTIQUE HOTEL
Razón social:,HOTEL LA KABAH SA DE CV
Nombre de la clase de actividad:,Hoteles con otros servicios integrados
Personal ocupado (estrato):,6 a 10 personas
Tipo de vialidad:,AVENIDA
Nombre de la vialidad:,YAXCHILAN
Número exterior o km:,0
Número o letra interior:,
Nombre del asentamiento humano:,CORAL RIVERA
Código postal:,77505
"Entidad,Municipio,Localidad:","CANCÚN, Benito Juárez, QUINTANA ROO"
Número de teléfono:,
Correo electrónico:,RECEPCION@HOTELKABAH.COM
Sitio en Internet:,WWW.HOTELKABAH.COM
Tipo de unidad económica:,Fijo
Latitud:,21.1482534
Longitud:,-86.83425302
Centro comercial:,
Tipo de centro comercial:,
Número de local:,
Establecimiento 35,
id de establecimiento,6273605
Nombre de la unidad económica:,HOTEL SUITES LE MOND
Razón social:,
Nombre de la clase de actividad:,Hoteles sin otros servicios integrados
Personal ocupado (estrato):,0 a 5 personas
Tipo de vialidad:,CALLE
Nombre de la vialidad:,JAZMINES
Número exterior o km:,
Número o letra interior:,1
Nombre del asentamiento humano:,CENTRO
Código postal:,77500
"Entidad,Municipio,Localidad:","CANCÚN, Benito Juárez, QUINTANA ROO"
Número de teléfono:,
Correo electrónico:,
Sitio en Internet:,
Tipo de unidad económica:,Fijo
Latitud:,21.16264569
Longitud:,-86.82882736
Centro comercial:,
Tipo de centro comercial:,
Número de local:,
Establecimiento 36,
id de establecimiento,8644485
Nombre de la unidad económica:,HOTEL MÉXICO
Razón social:,HOSTAL LA PIMMIENTA SA DE CV
Nombre de la clase de actividad:,Pensiones y casas de huéspedes
Personal ocupado (estrato):,6 a 10 personas
Tipo de vialidad:,ANDADOR
Nombre de la vialidad:,PALMERA
Número exterior o km:,
Número o letra interior:,
Nombre del asentamiento humano:,SUPERMANZANA 23 CENTRO
Código postal:,77500
"Entidad,Municipio,Localidad:","CANCÚN, Benito Juárez, QUINTANA ROO"
Número de teléfono:,
Correo electrónico:,
Sitio en Internet:,
Tipo de unidad económica:,Fijo
Latitud:,21.16546665
Longitud:,-86.8291501
Centro comercial:,
Tipo de centro comercial:,
Número de local:,
Establecimiento 37,
id de establecimiento,6384007
Nombre de la unidad económica:,HOTEL EL BATAB
Razón social:,HOTEL EL BATAB SA DE CV
Nombre de la clase de actividad:,Hoteles con otros servicios integrados
Personal ocupado (estrato):,31 a 50 personas
Tipo de vialidad:,AVENIDA
Nombre de la vialidad:,CHICHÉN ITZÁ
Número exterior o km:,52
Número o letra interior:,0
Nombre del asentamiento humano:,23
Código postal:,77500
"Entidad,Municipio,Localidad:","CANCÚN, Benito Juárez, QUINTANA ROO"
Número de teléfono:,
Correo electrónico:,CONTABILIDAD@HOTELBATAN.COM
Sitio en Internet:,WWW.HOTELBATAB.COM
Tipo de unidad económica:,Fijo
Latitud:,21.16857853
Longitud:,-86.82995701
Centro comercial:,
Tipo de centro comercial:,
Número de local:,
Establecimiento 38,
id de establecimiento,6384275
Nombre de la unidad económica:,GRAND CITY HOTEL
Razón social:,PSI SOLUCIONES SA DE CV
Nombre de la clase de actividad:,Hoteles sin otros servicios integrados
Personal ocupado (estrato):,11 a 30 personas
Tipo de vialidad:,AVENIDA
Nombre de la vialidad:,KUKULKAN
Número exterior o km:,154
Número o letra interior:,
Nombre del asentamiento humano:,SUPMZ 20
Código postal:,77500
"Entidad,Municipio,Localidad:","CANCÚN, Benito Juárez, QUINTANA ROO"
Número de teléfono:,
Correo electrónico:,GERENCIA@GRANDCITY-HOTEL.COM
Sitio en Internet:,WWW.HOTELGRANDCITY.COM
Tipo de unidad económica:,Fijo
Latitud:,21.15472212
Longitud:,-86.82986217
Centro comercial:,
Tipo de centro comercial:,
Número de local:,
Establecimiento 39,
id de establecimiento,6273600
Nombre de la unidad económica:,MI HOTEL CANCUN
Razón social:,
Nombre de la clase de actividad:,Hoteles sin otros servicios integrados
Personal ocupado (estrato):,0 a 5 personas
Tipo de vialidad:,CALLE
Nombre de la vialidad:,PALMERA
Número exterior o km:,
Número o letra interior:,59
Nombre del asentamiento humano:,23
Código postal:,77500
"Entidad,Municipio,Localidad:","CANCÚN, Benito Juárez, QUINTANA ROO"
Número de teléfono:,
Correo electrónico:,
Sitio en Internet:,
Tipo de unidad económica:,Fijo
Latitud:,21.16547085
Longitud:,-86.82882746
Centro comercial:,
Tipo de centro comercial:,
Número de local:,
Establecimiento 40,
id de establecimiento,8367467
Nombre de la unidad económica:,MI HOTEL
Razón social:,CHASARA HOTEL SA DE CV
Nombre de la clase de actividad:,Hoteles con otros servicios integrados
Personal ocupado (estrato):,6 a 10 personas
Tipo de vialidad:,CALLE
Nombre de la vialidad:,PALMERA
Número exterior o km:,
Número o letra interior:,
Nombre del asentamiento humano:,23
Código postal:,77500
"Entidad,Municipio,Localidad:","CANCÚN, Benito Juárez, QUINTANA ROO"
Número de teléfono:,
Correo electrónico:,MIHOTELCANCUN@GMAIL.COM
Sitio en Internet:,
Tipo de unidad económica:,Fijo
Latitud:,21.16554054
Longitud:,-86.82878378
Centro comercial:,
Tipo de centro comercial:,
Número de local:,
Establecimiento 41,
id de establecimiento,7831612
Nombre de la unidad económica:,HOTEL SUITES LA ROCA
Razón social:,OPERADORA JLM DEL CARIBE SA DE CV
Nombre de la clase de actividad:,Departamentos y casas amueblados con servicios de hotelería
Personal ocupado (estrato):,6 a 10 personas
Tipo de vialidad:,CALLE
Nombre de la vialidad:,17 NORTE
Número exterior o km:,
Número o letra interior:,
Nombre del asentamiento humano:,66
Código postal:,77510
"Entidad,Municipio,Localidad:","CANCÚN, Benito Juárez, QUINTANA ROO"
Número de teléfono:,
Correo electrónico:,
Sitio en Internet:,
Tipo de unidad económica:,Fijo
Latitud:,21.17264149
Longitud:,-86.83158258
Centro comercial:,
Tipo de centro comercial:,
Número de local:,
Establecimiento 42,
id de establecimiento,6273503
Nombre de la unidad económica:,HOTEL HC INTERNACIONAL
Razón social:,EXCELENCE SA DE CV
Nombre de la clase de actividad:,Hoteles sin otros servicios integrados
Personal ocupado (estrato):,0 a 5 personas
Tipo de vialidad:,AVENIDA
Nombre de la vialidad:,UXMAL
Número exterior o km:,44
Número o letra interior:,
Nombre del asentamiento humano:,22
Código postal:,77500
"Entidad,Municipio,Localidad:","CANCÚN, Benito Juárez, QUINTANA ROO"
Número de teléfono:,
Correo electrónico:,INFO@HOTELHC.COM
Sitio en Internet:,
Tipo de unidad económica:,Fijo
Latitud:,21.16456605
Longitud:,-86.82823301
Centro comercial:,
Tipo de centro comercial:,
Número de local:,
Establecimiento 43,
id de establecimiento,6759606
Nombre de la unidad económica:,HOTEL CANCÚN INTERNATIONAL SUITES
Razón social:,SERVICIOS DE HOTELERIA DOS MIL SA DE CV
Nombre de la clase de actividad:,Hoteles sin otros servicios integrados
Personal ocupado (estrato):,6 a 10 personas
Tipo de vialidad:,CALLE
Nombre de la vialidad:,GLADIOLAS
Número exterior o km:,11
Número o letra interior:,0
Nombre del asentamiento humano:,22
Código postal:,77500
"Entidad,Municipio,Localidad:","CANCÚN, Benito Juárez, QUINTANA ROO"
Número de teléfono:,
Correo electrónico:,CANCUNINTERNATIONALSUITES@GMAIL.COM
Sitio en Internet:,WWW.CANCUNINTERNATIONALSUITES.COM
Tipo de unidad económica:,Fijo
Latitud:,21.16078977
Longitud:,-86.82801214
Centro comercial:,
Tipo de centro comercial:,
Número de local:,
Establecimiento 44,
id de establecimiento,8763309
Nombre de la unidad económica:,HOTEL CASA LAUREL
Razón social:,
Nombre de la clase de actividad:,Hoteles sin otros servicios integrados
Personal ocupado (estrato):,6 a 10 personas
Tipo de vialidad:,CALLE
Nombre de la vialidad:,LAUREL
Número exterior o km:,34
Número o letra interior:,
Nombre del asentamiento humano:,SUPERMANZANA 23 CENTRO
Código postal:,77500
"Entidad,Municipio,Localidad:","CANCÚN, Benito Juárez, QUINTANA ROO"
Número de teléfono:,
Correo electrónico:,
Sitio en Internet:,
Tipo de unidad económica:,Fijo
Latitud:,21.16559388
Longitud:,-86.82828537
Centro comercial:,
Tipo de centro comercial:,
Número de local:,
Establecimiento 45,
id de establecimiento,6273519
Nombre de la unidad económica:,HOTEL LAS PALMAS
Razón social:,
Nombre de la clase de actividad:,Hoteles sin otros servicios integrados
Personal ocupado (estrato):,0 a 5 personas
Tipo de vialidad:,CALLE
Nombre de la vialidad:,PALMERA
Número exterior o km:,43
Número o letra interior:,
Nombre del asentamiento humano:,SUPERMANZANA 23 CENTRO
Código postal:,77500
"Entidad,Municipio,Localidad:","CANCÚN, Benito Juárez, QUINTANA ROO"
Número de teléfono:,
Correo electrónico:,
Sitio en Internet:,
Tipo de unidad económica:,Fijo
Latitud:,21.16618988
Longitud:,-86.82839478
Centro comercial:,
Tipo de centro comercial:,
Número de local:,
Establecimiento 46,
id de establecimiento,6384366
Nombre de la unidad económica:,HOTEL ALUX
Razón social:,ADMINISTRACIÓN GALIAR SA DE CV
Nombre de la clase de actividad:,Hoteles sin otros servicios integrados
Personal ocupado (estrato):,6 a 10 personas
Tipo de vialidad:,AVENIDA
Nombre de la vialidad:,UXMAL
Número exterior o km:,3
Número o letra interior:,
Nombre del asentamiento humano:,SUPERMANZANA 23 CENTRO
Código postal:,77500
"Entidad,Municipio,Localidad:","CANCÚN, Benito Juárez, QUINTANA ROO"
Número de teléfono:,
Correo electrónico:,FACTURAS@HOTELALUX.COM
Sitio en Internet:,WWW.HOTELALUX.COM
Tipo de unidad económica:,Fijo
Latitud:,21.16460567
Longitud:,-86.82791888
Centro comercial:,
Tipo de centro comercial:,
Número de local:,
Establecimiento 47,
id de establecimiento,8763315
Nombre de la unidad económica:,HOTEL LAS PALMAS
Razón social:,
Nombre de la clase de actividad:,Hoteles sin otros servicios integrados
Personal ocupado (estrato):,0 a 5 personas
Tipo de vialidad:,CALLE
Nombre de la vialidad:,LAUREL
Número exterior o km:,
Número o letra interior:,
Nombre del asentamiento humano:,SUPERMANZANA 23 CENTRO
Código postal:,77500
"Entidad,Municipio,Localidad:","CANCÚN, Benito Juárez, QUINTANA ROO"
Número de teléfono:,
Correo electrónico:,
Sitio en Internet:,
Tipo de unidad económica:,Fijo
Latitud:,21.16562746
Longitud:,-86.82786229
Centro comercial:,
Tipo de centro comercial:,
Número de local:,
Establecimiento 48,
id de establecimiento,6273444
Nombre de la unidad económica:,HOTEL SUITES CANCUN CENTER
Razón social:,CONSTRUCTORA Y ARRENDADORA PENINSULA SA DE CV
Nombre de la clase de actividad:,Hoteles sin otros servicios integrados
Personal ocupado (estrato):,6 a 10 personas
Tipo de vialidad:,CALLE
Nombre de la vialidad:,NINGUNO
Número exterior o km:,36
Número o letra interior:,
Nombre del asentamiento humano:,22
Código postal:,77500
"Entidad,Municipio,Localidad:","CANCÚN, Benito Juárez, QUINTANA ROO"
Número de teléfono:,9988875655
Correo electrónico:,RESERVACIONES@SUITESCANCUNCENTER.COM.MX
Sitio en Internet:,WWW.SUITESCANCUNCENTER.COM.MX
Tipo de unidad económica:,Fijo
Latitud:,21.16027604
Longitud:,-86.82748915
Centro comercial:,
Tipo de centro comercial:,
Número de local:,
Establecimiento 49,
id de establecimiento,8763249
Nombre de la unidad económica:,HOSTEL INN CANCUN
Razón social:,INVESTICORA SA DE CV
Nombre de la clase de actividad:,Hoteles sin otros servicios integrados
Personal ocupado (estrato):,0 a 5 personas
Tipo de vialidad:,CALLE
Nombre de la vialidad:,LAUREL
Número exterior o km:,
Número o letra interior:,
Nombre del asentamiento humano:,SUPERMANZANA 23 CENTRO
Código postal:,77500
"Entidad,Municipio,Localidad:","CANCÚN, Benito Juárez, QUINTANA ROO"
Número de teléfono:,
Correo electrónico:,HOSTELINNCANCUN@GMAIL.COM
Sitio en Internet:,WWW.HOSTELINN.COM.MX
Tipo de unidad económica:,Fijo
Latitud:,21.16534276
Longitud:,-86.8274015
Centro comercial:,
Tipo de centro comercial:,
Número de local:,
Establecimiento 50,
id de establecimiento,6273505
Nombre de la unidad económica:,HOTEL CANCÚN ROSA
Razón social:,PROMOTORA CANCUN ROSA SA DE CV
Nombre de la clase de actividad:,Hoteles con otros servicios integrados
Personal ocupado (estrato):,6 a 10 personas
Tipo de vialidad:,CALLE
Nombre de la vialidad:,MARGARITAS
Número exterior o km:,2
Número o letra interior:,
Nombre del asentamiento humano:,22
Código postal:,77500
"Entidad,Municipio,Localidad:","CANCÚN, Benito Juárez, QUINTANA ROO"
Número de teléfono:,
Correo electrónico:,HOTELCANCUNROSA@YAHOO.COM.MX
Sitio en Internet:,WWW.HOTELCANCUNROSA.COM
Tipo de unidad económica:,Fijo
Latitud:,21.1637245
Longitud:,-86.82714713
Centro comercial:,
Tipo de centro comercial:,
Número de local:,
Establecimiento 51,
id de establecimiento,6273438
Nombre de la unidad económica:,HOTEL PLAZA CARIBE
Razón social:,OPERADORA PLAZA CARIBE SA DE CV
Nombre de la clase de actividad:,Hoteles con otros servicios integrados
Personal ocupado (estrato):,51 a 100 personas
Tipo de vialidad:,CALLE
Nombre de la vialidad:,PINO
Número exterior o km:,19
Número o letra interior:,0
Nombre del asentamiento humano:,23
Código postal:,77500
"Entidad,Municipio,Localidad:","CANCÚN, Benito Juárez, QUINTANA ROO"
Número de teléfono:,
Correo electrónico:,COMPRAS@HOTELPLAZACARIBE.COM
Sitio en Internet:,WWW.PLAZACARIBE.COM
Tipo de unidad económica:,Fijo
Latitud:,21.16454224
Longitud:,-86.82701848
Centro comercial:,
Tipo de centro comercial:,
Número de local:,
Establecimiento 52,
id de establecimiento,6273508
Nombre de la unidad económica:,HOTEL EL AZAHARA
Razón social:,
Nombre de la clase de actividad:,Hoteles sin otros servicios integrados
Personal ocupado (estrato):,0 a 5 personas
Tipo de vialidad:,CALLE
Nombre de la vialidad:,10
Número exterior o km:,0
Número o letra interior:,0
Nombre del asentamiento humano:,63
Código postal:,77513
"Entidad,Municipio,Localidad:","CANCÚN, Benito Juárez, QUINTANA ROO"
Número de teléfono:,
Correo electrónico:,
Sitio en Internet:,
Tipo de unidad económica:,Fijo
Latitud:,21.17170207
Longitud:,-86.82926321
Centro comercial:,
Tipo de centro comercial:,
Número de local:,
Establecimiento 53,
id de establecimiento,6237091
Nombre de la unidad económica:,HOTEL COLONIAL CANCUN
Razón social:,INMOBILIARIA HOTELERA COLONIAL S DE RL DE CV
Nombre de la clase de actividad:,Hoteles sin otros servicios integrados
Personal ocupado (estrato):,6 a 10 personas
Tipo de vialidad:,CALLE
Nombre de la vialidad:,TULIPANES
Número exterior o km:,2
Número o letra interior:,
Nombre del asentamiento humano:,SUPERMANZANA 22
Código postal:,77500
"Entidad,Municipio,Localidad:","CANCÚN, Benito Juárez, QUINTANA ROO"
Número de teléfono:,
Correo electrónico:,CONTA@HOTELCOLONIALCANCUN.COM
Sitio en Internet:,WWW.HOTELCOLONIALCANCUN.COM
Tipo de unidad económica:,Fijo
Latitud:,21.1609988
Longitud:,-86.82649157
Centro comercial:,
Tipo de centro comercial:,
Número de local:,
Establecimiento 54,
id de establecimiento,6384383
Nombre de la unidad económica:,HOTEL COLONIAL SAN CARLOS
Razón social:,
Nombre de la clase de actividad:,Hoteles sin otros servicios integrados
Personal ocupado (estrato):,6 a 10 personas
Tipo de vialidad:,CALLE
Nombre de la vialidad:,CEDRO
Número exterior o km:,
Número o letra interior:,40
Nombre del asentamiento humano:,23
Código postal:,77500
"Entidad,Municipio,Localidad:","CANCÚN, Benito Juárez, QUINTANA ROO"
Número de teléfono:,
Correo electrónico:,
Sitio en Internet:,
Tipo de unidad económica:,Fijo
Latitud:,21.1674614
Longitud:,-86.8271498
Centro comercial:,
Tipo de centro comercial:,
Número de local:,
Establecimiento 55,
id de establecimiento,8719701
Nombre de la unidad económica:,HOTEL KAVIA
Razón social:,INMOBILIARIA LOS MENINAS SA DE CV
Nombre de la clase de actividad:,Hoteles sin otros servicios integrados
Personal ocupado (estrato):,11 a 30 personas
Tipo de vialidad:,CALLE
Nombre de la vialidad:,CLAVELES
Número exterior o km:,
Número o letra interior:,
Nombre del asentamiento humano:,SUPERMANZANA 22 CENTRO
Código postal:,77500
"Entidad,Municipio,Localidad:","CANCÚN, Benito Juárez, QUINTANA ROO"
Número de teléfono:,9982177737
Correo electrónico:,
Sitio en Internet:,
Tipo de unidad económica:,Fijo
Latitud:,21.16037005
Longitud:,-86.82640787
Centro comercial:,
Tipo de centro comercial:,
Número de local:,
Establecimiento 56,
id de establecimiento,8644481
Nombre de la unidad económica:,POSADA EL VIAJERO
Razón social:,
Nombre de la clase de actividad:,Hoteles con otros servicios integrados
Personal ocupado (estrato):,6 a 10 personas
Tipo de vialidad:,CALLE
Nombre de la vialidad:,CEDRO
Número exterior o km:,
Número o letra interior:,
Nombre del asentamiento humano:,SUPERMANZANA 23 CENTRO
Código postal:,77500
"Entidad,Municipio,Localidad:","CANCÚN, Benito Juárez, QUINTANA ROO"
Número de teléfono:,
Correo electrónico:,
Sitio en Internet:,
Tipo de unidad económica:,Fijo
Latitud:,21.16809777
Longitud:,-86.82725981
Centro comercial:,
Tipo de centro comercial:,
Número de local:,
Establecimiento 57,
id de establecimiento,6384001
Nombre de la unidad económica:,HOTEL PLAZA CARRILLOS
Razón social:,
Nombre de la clase de actividad:,Hoteles con otros servicios integrados
Personal ocupado (estrato):,11 a 30 personas
Tipo de vialidad:,CALLE
Nombre de la vialidad:,CLAVELES
Número exterior o km:,35
Número o letra interior:,0
Nombre del asentamiento humano:,22
Código postal:,77500
"Entidad,Municipio,Localidad:","CANCÚN, Benito Juárez, QUINTANA ROO"
Número de teléfono:,
Correo electrónico:,RAFAEL_SOLIS123@HOTMAIL.COM
Sitio en Internet:,
Tipo de unidad económica:,Fijo
Latitud:,21.16027937
Longitud:,-86.82631979
Centro comercial:,
Tipo de centro comercial:,
Número de local:,
Establecimiento 58,
id de establecimiento,6273443
Nombre de la unidad económica:,HOTEL SELINA
Razón social:,DEKEL OPERATION CANCUN 1 SA DE CV
Nombre de la clase de actividad:,Hoteles con otros servicios integrados
Personal ocupado (estrato):,11 a 30 personas
Tipo de vialidad:,AVENIDA
Nombre de la vialidad:,UXMAL
Número exterior o km:,26
Número o letra interior:,
Nombre del asentamiento humano:,22
Código postal:,77500
"Entidad,Municipio,Localidad:","CANCÚN, Benito Juárez, QUINTANA ROO"
Número de teléfono:,
Correo electrónico:,OFFICE.CANCUNDT@SELINA.COM
Sitio en Internet:,WWW.SELINA.COM
Tipo de unidad económica:,Fijo
Latitud:,21.16306574
Longitud:,-86.82617877
Centro comercial:,
Tipo de centro comercial:,
Número de local:,
Establecimiento 59,
id de establecimiento,6384364
Nombre de la unidad económica:,HOTEL PARAISO 23
Razón social:,ESTRATEGIAS COMERCIALES CANCUN SA DE CV
Nombre de la clase de actividad:,Hoteles sin otros servicios integrados
Personal ocupado (estrato):,11 a 30 personas
Tipo de vialidad:,CALLE
Nombre de la vialidad:,CEDRO
Número exterior o km:,
Número o letra interior:,
Nombre del asentamiento humano:,23
Código postal:,77500
"Entidad,Municipio,Localidad:","CANCÚN, Benito Juárez, QUINTANA ROO"
Número de teléfono:,
Correo electrónico:,
Sitio en Internet:,
Tipo de unidad económica:,Fijo
Latitud:,21.16819015
Longitud:,-86.82691832
Centro comercial:,
Tipo de centro comercial:,
Número de local:,
Establecimiento 60,
id de establecimiento,6415958
Nombre de la unidad económica:,HOTEL SOBERANIS
Razón social:,OPERADORA TURISTICA INTEGRAL SA DE CV
Nombre de la clase de actividad:,Hoteles con otros servicios integrados
Personal ocupado (estrato):,11 a 30 personas
Tipo de vialidad:,AVENIDA
Nombre de la vialidad:,AVENIDA COBA SUPERMANZANA 22
Número exterior o km:,1
Número o letra interior:,0
Nombre del asentamiento humano:,22
Código postal:,77500
"Entidad,Municipio,Localidad:","CANCÚN, Benito Juárez, QUINTANA ROO"
Número de teléfono:,
Correo electrónico:,INGRESOS@SOBERANIS.COM.MX
Sitio en Internet:,WWW.HOTELSOBERANIS.MX
Tipo de unidad económica:,Fijo
Latitud:,21.15766731
Longitud:,-86.82631201
Centro comercial:,
Tipo de centro comercial:,
Número de local:,
Establecimiento 61,
id de establecimiento,6273496
Nombre de la unidad económica:,HOTEL POSADA DANA
Razón social:,
Nombre de la clase de actividad:,Hoteles sin otros servicios integrados
Personal ocupado (estrato):,0 a 5 personas
Tipo de vialidad:,CALLE
Nombre de la vialidad:,9 NORTE
Número exterior o km:,1
Número o letra interior:,
Nombre del asentamiento humano:,SUPERMANZANA 67
Código postal:,77510
"Entidad,Municipio,Localidad:","CANCÚN, Benito Juárez, QUINTANA ROO"
Número de teléfono:,9982944784
Correo electrónico:,
Sitio en Internet:,
Tipo de unidad económica:,Fijo
Latitud:,21.17613888
Longitud:,-86.83102654
Centro comercial:,
Tipo de centro comercial:,
Número de local:,
Establecimiento 62,
id de establecimiento,6384685
Nombre de la unidad económica:,HOTEL ANTILLANO
Razón social:,BAZARES INTERNACIONALES DEL CARIBE SA
Nombre de la clase de actividad:,Hoteles con otros servicios integrados
Personal ocupado (estrato):,31 a 50 personas
Tipo de vialidad:,AVENIDA
Nombre de la vialidad:,TULÚM
Número exterior o km:,1
Número o letra interior:,
Nombre del asentamiento humano:,22
Código postal:,77500
"Entidad,Municipio,Localidad:","CANCÚN, Benito Juárez, QUINTANA ROO"
Número de teléfono:,
Correo electrónico:,HOTELANTILLANO@GMAIL.COM
Sitio en Internet:,WWW.HOTELANTILLANO.COM
Tipo de unidad económica:,Fijo
Latitud:,21.15994888
Longitud:,-86.8258451
Centro comercial:,
Tipo de centro comercial:,
Número de local:,
Establecimiento 63,
id de establecimiento,8512583
Nombre de la unidad económica:,HOTEL PAXA MAMA
Razón social:,AGENCIA CLAVELINA SA DE CV
Nombre de la clase de actividad:,Hoteles sin otros servicios integrados
Personal ocupado (estrato):,11 a 30 personas
Tipo de vialidad:,AVENIDA
Nombre de la vialidad:,TULUM SN 22
Número exterior o km:,0
Número o letra interior:,
Nombre del asentamiento humano:,SUPERMANZANA 22 CENTRO
Código postal:,77500
"Entidad,Municipio,Localidad:","CANCÚN, Benito Juárez, QUINTANA ROO"
Número de teléfono:,
Correo electrónico:,
Sitio en Internet:,
Tipo de unidad económica:,Fijo
Latitud:,21.15965016
Longitud:,-86.82581508
Centro comercial:,
Tipo de centro comercial:,
Número de local:,
Establecimiento 64,
id de establecimiento,6273527
Nombre de la unidad económica:,HOTEL RIVEMAR
Razón social:,
Nombre de la clase de actividad:,Hoteles sin otros servicios integrados
Personal ocupado (estrato):,6 a 10 personas
Tipo de vialidad:,AVENIDA
Nombre de la vialidad:,TULUM
Número exterior o km:,2
Número o letra interior:,
Nombre del asentamiento humano:,SUPERMANZANA 22 CENTRO
Código postal:,77500
"Entidad,Municipio,Localidad:","CANCÚN, Benito Juárez, QUINTANA ROO"
Número de teléfono:,
Correo electrónico:,MMARIAL@GMAIL.COM
Sitio en Internet:,
Tipo de unidad económica:,Fijo
Latitud:,21.15897427
Longitud:,-86.82577238
Centro comercial:,
Tipo de centro comercial:,
Número de local:,
Establecimiento 65,
id de establecimiento,6273610
Nombre de la unidad económica:,HOTEL KAMNA
Razón social:,
Nombre de la clase de actividad:,Hoteles con otros servicios integrados
Personal ocupado (estrato):,0 a 5 personas
Tipo de vialidad:,AVENIDA
Nombre de la vialidad:,TULÚM
Número exterior o km:,64
Número o letra interior:,0
Nombre del asentamiento humano:,23
Código postal:,77500
"Entidad,Municipio,Localidad:","CANCÚN, Benito Juárez, QUINTANA ROO"
Número de teléfono:,
Correo electrónico:,HOTELKAMNA@OUTLOOK.COM
Sitio en Internet:,
Tipo de unidad económica:,Fijo
Latitud:,21.16838559
Longitud:,-86.82647486
Centro comercial:,
Tipo de centro comercial:,
Número de local:,
Establecimiento 66,
id de establecimiento,6384353
Nombre de la unidad económica:,HOTEL PARADOR
Razón social:,GRUPO HOTELERO PARADOR SA DE CV
Nombre de la clase de actividad:,Hoteles con otros servicios integrados
Personal ocupado (estrato):,31 a 50 personas
Tipo de vialidad:,CALLE
Nombre de la vialidad:,NINGUNO
Número exterior o km:,26
Número o letra interior:,
Nombre del asentamiento humano:,5
Código postal:,77500
"Entidad,Municipio,Localidad:","CANCÚN, Benito Juárez, QUINTANA ROO"
Número de teléfono:,
Correo electrónico:,ADMINISTRACION@HOTELPARADORCANCUN.COM
Sitio en Internet:,
Tipo de unidad económica:,Fijo
Latitud:,21.16289069
Longitud:,-86.82547264
Centro comercial:,
Tipo de centro comercial:,
Número de local:,
Establecimiento 67,
id de establecimiento,6273623
Nombre de la unidad económica:,HOTEL MARIA DEL CARMEN
Razón social:,
Nombre de la clase de actividad:,Moteles
Personal ocupado (estrato):,6 a 10 personas
Tipo de vialidad:,CALLE
Nombre de la vialidad:,5 NORTE
Número exterior o km:,1
Número o letra interior:,
Nombre del asentamiento humano:,66
Código postal:,77510
"Entidad,Municipio,Localidad:","CANCÚN, Benito Juárez, QUINTANA ROO"
Número de teléfono:,
Correo electrónico:,
Sitio en Internet:,
Tipo de unidad económica:,Fijo
Latitud:,21.17542974
Longitud:,-86.82951668
Centro comercial:,
Tipo de centro comercial:,
Número de local:,
Establecimiento 68,
id de establecimiento,6421497
Nombre de la unidad económica:,HOTEL DIAMANTE
Razón social:,
Nombre de la clase de actividad:,Hoteles sin otros servicios integrados
Personal ocupado (estrato):,0 a 5 personas
Tipo de vialidad:,CALLE
Nombre de la vialidad:,5
Número exterior o km:,1
Número o letra interior:,0
Nombre del asentamiento humano:,50
Código postal:,77513
"Entidad,Municipio,Localidad:","CANCÚN, Benito Juárez, QUINTANA ROO"
Número de teléfono:,
Correo electrónico:,
Sitio en Internet:,
Tipo de unidad económica:,Fijo
Latitud:,21.1729224
Longitud:,-86.82784766
Centro comercial:,
Tipo de centro comercial:,
Número de local:,
Establecimiento 69,
id de establecimiento,6384277
Nombre de la unidad económica:,HOTEL CANCÚN HANDALL
Razón social:,TURISTICA RAFAGA SA DE CV
Nombre de la clase de actividad:,Hoteles con otros servicios integrados
Personal ocupado (estrato):,11 a 30 personas
Tipo de vialidad:,AVENIDA
Nombre de la vialidad:,TULÚM
Número exterior o km:,4
Número o letra interior:,0
Nombre del asentamiento humano:,20
Código postal:,77500
"Entidad,Municipio,Localidad:","CANCÚN, Benito Juárez, QUINTANA ROO"
Número de teléfono:,
Correo electrónico:,LORENZOMAY@HOTMAIL.COM
Sitio en Internet:,WWW.HOTELHANDALLCANCUN.COM
Tipo de unidad económica:,Fijo
Latitud:,21.1554728
Longitud:,-86.8254833
Centro comercial:,
Tipo de centro comercial:,
Número de local:,4 AL 9
Establecimiento 70,
id de establecimiento,6273504
Nombre de la unidad económica:,HOTEL & SUITES NADER
Razón social:,INMOBILIARIA BLANSAGAR SA DE CV
Nombre de la clase de actividad:,Departamentos y casas amueblados con servicios de hotelería
Personal ocupado (estrato):,6 a 10 personas
Tipo de vialidad:,AVENIDA
Nombre de la vialidad:,CARLOS J. NADER
Número exterior o km:,5
Número o letra interior:,5
Nombre del asentamiento humano:,5
Código postal:,77500
"Entidad,Municipio,Localidad:","CANCÚN, Benito Juárez, QUINTANA ROO"
Número de teléfono:,
Correo electrónico:,RESERVACIONES@SUITESNADERCANCUN.COM
Sitio en Internet:,
Tipo de unidad económica:,Fijo
Latitud:,21.16026211
Longitud:,-86.82423398
Centro comercial:,
Tipo de centro comercial:,
Número de local:,
Establecimiento 71,
id de establecimiento,6714144
Nombre de la unidad económica:,OASIS SMART
Razón social:,INTERACCIONES MONTECARLOS SA DE CV
Nombre de la clase de actividad:,Hoteles con otros servicios integrados
Personal ocupado (estrato):,31 a 50 personas
Tipo de vialidad:,AVENIDA
Nombre de la vialidad:,AVENIDA TULUM SPMZA 4 MZA 19 LOTE 0103
Número exterior o km:,0
Número o letra interior:,
Nombre del asentamiento humano:,4
Código postal:,77500
"Entidad,Municipio,Localidad:","CANCÚN, Benito Juárez, QUINTANA ROO"
Número de teléfono:,
Correo electrónico:,GJUAREZ@OASISHOTELES.COM
Sitio en Internet:,WWW.SMARTOASIS.COM
Tipo de unidad económica:,Fijo
Latitud:,21.15519021
Longitud:,-86.82492773
Centro comercial:,
Tipo de centro comercial:,
Número de local:,
Establecimiento 72,
id de establecimiento,6695184
Nombre de la unidad económica:,MAYAN PARADISE
Razón social:,MAYA TRIPS Y HOLIDAYS7 SA DE CV
Nombre de la clase de actividad:,Hoteles con otros servicios integrados
Personal ocupado (estrato):,6 a 10 personas
Tipo de vialidad:,CALLE
Nombre de la vialidad:,LAVA
Número exterior o km:,24
Número o letra interior:,3
Nombre del asentamiento humano:,15
Código postal:,77500
"Entidad,Municipio,Localidad:","CANCÚN, Benito Juárez, QUINTANA ROO"
Número de teléfono:,
Correo electrónico:,
Sitio en Internet:,
Tipo de unidad económica:,Fijo
Latitud:,21.14804535
Longitud:,-86.82822319
Centro comercial:,
Tipo de centro comercial:,
Número de local:,
Establecimiento 73,
id de establecimiento,6385427
Nombre de la unidad económica:,AVIS RENTA DE AUTOS HOTEL NOW SAPPHIRE RIVERA CANCUN
Razón social:,COMERCIAL ARIETE SA DE CV
Nombre de la clase de actividad:,Alquiler de automóviles sin chofer
Personal ocupado (estrato):,6 a 10 personas
Tipo de vialidad:,PRIVADA
Nombre de la vialidad:,NINGUNO
Número exterior o km:,
Número o letra interior:,
Nombre del asentamiento humano:,PUERTO MORELOS SM 11 MZ 9
Código postal:,77580
"Entidad,Municipio,Localidad:","CANCÚN, Benito Juárez, QUINTANA ROO"
Número de teléfono:,
Correo electrónico:,
Sitio en Internet:,WWW.AVIS.MX
Tipo de unidad económica:,Fijo
Latitud:,21.16594927
Longitud:,-86.8240686
Centro comercial:,
Tipo de centro comercial:,OTRO CONGLOMERADO
Número de local:,
Establecimiento 74,
id de establecimiento,6383585
Nombre de la unidad económica:,ADHARA HACIENDA CANCUN
Razón social:,PENINSULAR DE HOTELES SA DE CV
Nombre de la clase de actividad:,Hoteles con otros servicios integrados
Personal ocupado (estrato):,31 a 50 personas
Tipo de vialidad:,AVENIDA
Nombre de la vialidad:,NADER
Número exterior o km:,1
Número o letra interior:,0
Nombre del asentamiento humano:,2 MZ 1 L 12 Y 3
Código postal:,77500
"Entidad,Municipio,Localidad:","CANCÚN, Benito Juárez, QUINTANA ROO"
Número de teléfono:,
Correo electrónico:,CONTADOR2@GPHOTELES.COM
Sitio en Internet:,WWW.GPHOTELES.COM
Tipo de unidad económica:,Fijo
Latitud:,21.16796965
Longitud:,-86.82403492
Centro comercial:,
Tipo de centro comercial:,
Número de local:,
Establecimiento 75,
id de establecimiento,6273522
Nombre de la unidad económica:,HOTEL EL REY DEL CARIBE
Razón social:,EL REY DEL CARIBE SA DE CV
Nombre de la clase de actividad:,Hoteles sin otros servicios integrados
Personal ocupado (estrato):,11 a 30 personas
Tipo de vialidad:,AVENIDA
Nombre de la vialidad:,UXMAL
Número exterior o km:,24
Número o letra interior:,
Nombre del asentamiento humano:,2A
Código postal:,77500
"Entidad,Municipio,Localidad:","CANCÚN, Benito Juárez, QUINTANA ROO"
Número de teléfono:,
Correo electrónico:,
Sitio en Internet:,
Tipo de unidad económica:,Fijo
Latitud:,21.16398569
Longitud:,-86.82321768
Centro comercial:,
Tipo de centro comercial:,
Número de local:,
Establecimiento 76,
id de establecimiento,6386752
Nombre de la unidad económica:,HOTEL MARGARITAS CANCUN
Razón social:,PENINSULAR DE HOTELES SA DE CV
Nombre de la clase de actividad:,Hoteles con otros servicios integrados
Personal ocupado (estrato):,51 a 100 personas
Tipo de vialidad:,AVENIDA
Nombre de la vialidad:,AVENIDA CARLOS NADER
Número exterior o km:,0
Número o letra interior:,0
Nombre del asentamiento humano:,1
Código postal:,77500
"Entidad,Municipio,Localidad:","CANCÚN, Benito Juárez, QUINTANA ROO"
Número de teléfono:,
Correo electrónico:,CONTADOR2@GPHOTELES.COM
Sitio en Internet:,WWW.HOTELMARGARITASCANCUN.COM.MX
Tipo de unidad económica:,Fijo
Latitud:,21.16833291
Longitud:,-86.82392515
Centro comercial:,
Tipo de centro comercial:,
Número de local:,
Establecimiento 77,
id de establecimiento,6383880
Nombre de la unidad económica:,HOTEL PLAZA KOKAI CANCÚN
Razón social:,INMOBILIARIA KOKAI CANCUN SA DE CV
Nombre de la clase de actividad:,Hoteles con otros servicios integrados
Personal ocupado (estrato):,11 a 30 personas
Tipo de vialidad:,AVENIDA
Nombre de la vialidad:,UXMAL
Número exterior o km:,26
Número o letra interior:,
Nombre del asentamiento humano:,2A MZ 3
Código postal:,77500
"Entidad,Municipio,Localidad:","CANCÚN, Benito Juárez, QUINTANA ROO"
Número de teléfono:,
Correo electrónico:,CONTABILIDADH@KOKAI.COM.MX
Sitio en Internet:,WWW.KOKAI.COM
Tipo de unidad económica:,Fijo
Latitud:,21.16398371
Longitud:,-86.82306646
Centro comercial:,
Tipo de centro comercial:,
Número de local:,
Establecimiento 78,
id de establecimiento,8856135
Nombre de la unidad económica:,FARALLON INN
Razón social:,
Nombre de la clase de actividad:,Hoteles sin otros servicios integrados
Personal ocupado (estrato):,11 a 30 personas
Tipo de vialidad:,CALLE
Nombre de la vialidad:,FARALLON
Número exterior o km:,13
Número o letra interior:,0
Nombre del asentamiento humano:,CANCUN
Código postal:,77500
"Entidad,Municipio,Localidad:","CANCÚN, Benito Juárez, QUINTANA ROO"
Número de teléfono:,
Correo electrónico:,
Sitio en Internet:,
Tipo de unidad económica:,Fijo
Latitud:,21.14816761
Longitud:,-86.82691801
Centro comercial:,
Tipo de centro comercial:,
Número de local:,
Establecimiento 79,
id de establecimiento,6384279
Nombre de la unidad económica:,SUITES AMBIANCE
Razón social:,INMOBILIARA CAYRE SA DE CV
Nombre de la clase de actividad:,Hoteles con otros servicios integrados
Personal ocupado (estrato):,51 a 100 personas
Tipo de vialidad:,AVENIDA
Nombre de la vialidad:,TULUM
Número exterior o km:,227
Número o letra interior:,
Nombre del asentamiento humano:,20
Código postal:,77500
"Entidad,Municipio,Localidad:","CANCÚN, Benito Juárez, QUINTANA ROO"
Número de teléfono:,
Correo electrónico:,EINDO@AMBIANCECANCUN.COM
Sitio en Internet:,WWW.AMBIANCESUITES.COM
Tipo de unidad económica:,Fijo
Latitud:,21.15118398
Longitud:,-86.8251762
Centro comercial:,
Tipo de centro comercial:,
Número de local:,
Establecimiento 80,
id de establecimiento,6273645
Nombre de la unidad económica:,LQ HOTEL LA QUINTA
Razón social:,KEYCANCUN SA DE CV
Nombre de la clase de actividad:,Hoteles con otros servicios integrados
Personal ocupado (estrato):,31 a 50 personas
Tipo de vialidad:,AVENIDA
Nombre de la vialidad:,TULUM
Número exterior o km:,10
Número o letra interior:,0
Nombre del asentamiento humano:,4
Código postal:,77500
"Entidad,Municipio,Localidad:","CANCÚN, Benito Juárez, QUINTANA ROO"
Número de teléfono:,
Correo electrónico:,LQ6320FOM4@LAQUINTA.COM
Sitio en Internet:,WWW.LQ.COM
Tipo de unidad económica:,Fijo
Latitud:,21.15210817
Longitud:,-86.82470728
Centro comercial:,
Tipo de centro comercial:,
Número de local:,
Establecimiento 81,
id de establecimiento,3628157
Nombre de la unidad económica:,ASOCIACIÓN DE HOTELES DE CANCÚN Y PUERTO MORELOS
Razón social:,ASOCIACIÓN DE HOTELES DE QUINTANA ROO AC
Nombre de la clase de actividad:,"Asociaciones, organizaciones y cámaras de productores, comerciantes y prestadores de servicios"
Personal ocupado (estrato):,6 a 10 personas
Tipo de vialidad:,AVENIDA
Nombre de la vialidad:,JOSE GARCIA DE LA TORRE
Número exterior o km:,6
Número o letra interior:,0
Nombre del asentamiento humano:,1
Código postal:,77500
"Entidad,Municipio,Localidad:","CANCÚN, Benito Juárez, QUINTANA ROO"
Número de teléfono:,
Correo electrónico:,
Sitio en Internet:,WWW.RESORTSCANCUN.COM
Tipo de unidad económica:,Fijo
Latitud:,21.16863471
Longitud:,-86.82350684
Centro comercial:,
Tipo de centro comercial:,
Número de local:,
Establecimiento 82,
id de establecimiento,6385743
Nombre de la unidad económica:,OFICINA ADMINISTRATIVA DE OPERADORA MAYAPAN
Razón social:,OPERADORA MAYAPAN SA DE CV
Nombre de la clase de actividad:,Hoteles con otros servicios integrados
Personal ocupado (estrato):,11 a 30 personas
Tipo de vialidad:,CALLE
Nombre de la vialidad:,ROBALO
Número exterior o km:,30
Número o letra interior:,
Nombre del asentamiento humano:,3
Código postal:,77500
"Entidad,Municipio,Localidad:","CANCÚN, Benito Juárez, QUINTANA ROO"
Número de teléfono:,
Correo electrónico:,JOAQUINHUCHIM@MAYALAND.COM
Sitio en Internet:,WWW.MAYALAND.COM.MX
Tipo de unidad económica:,Fijo
Latitud:,21.15735
Longitud:,-86.82295
Centro comercial:,
Tipo de centro comercial:,
Número de local:,
Establecimiento 83,
id de establecimiento,6416586
Nombre de la unidad económica:,TESORERIA DEL HOTEL MAYALAND
Razón social:,
Nombre de la clase de actividad:,Hoteles con otros servicios integrados
Personal ocupado (estrato):,11 a 30 personas
Tipo de vialidad:,CALLE
Nombre de la vialidad:,RÓBALO
Número exterior o km:,30
Número o letra interior:,
Nombre del asentamiento humano:,3
Código postal:,77500
"Entidad,Municipio,Localidad:","CANCÚN, Benito Juárez, QUINTANA ROO"
Número de teléfono:,
Correo electrónico:,HENRYLOZANO@MAYALAND.COM
Sitio en Internet:,WWW.MAYALAND.COM.MX
Tipo de unidad económica:,Fijo
Latitud:,21.15716653
Longitud:,-86.82282387
Centro comercial:,
Tipo de centro comercial:,
Número de local:,
Establecimiento 84,
id de establecimiento,3651835
Nombre de la unidad económica:,HOTEL POSADA CARIBE
Razón social:,TANIA FABIOLA QUINTAL PEREZ
Nombre de la clase de actividad:,Pensiones y casas de huéspedes
Personal ocupado (estrato):,6 a 10 personas
Tipo de vialidad:,AVENIDA
Nombre de la vialidad:,LOPEZ PORTILLO
Número exterior o km:,16
Número o letra interior:,
Nombre del asentamiento humano:,SUPERMANZANA 101
Código postal:,77519
"Entidad,Municipio,Localidad:","CANCÚN, Benito Juárez, QUINTANA ROO"
Número de teléfono:,
Correo electrónico:,
Sitio en Internet:,
Tipo de unidad económica:,Fijo
Latitud:,21.14958565
Longitud:,-86.87676881
Centro comercial:,
Tipo de centro comercial:,
Número de local:,
Establecimiento 85,
id de establecimiento,6384058
Nombre de la unidad económica:,HOTEL MARY TERE
Razón social:,
Nombre de la clase de actividad:,Hoteles sin otros servicios integrados
Personal ocupado (estrato):,6 a 10 personas
Tipo de vialidad:,CALLE
Nombre de la vialidad:,7
Número exterior o km:,
Número o letra interior:,
Nombre del asentamiento humano:,64
Código postal:,77524
"Entidad,Municipio,Localidad:","CANCÚN, Benito Juárez, QUINTANA ROO"
Número de teléfono:,
Correo electrónico:,
Sitio en Internet:,
Tipo de unidad económica:,Fijo
Latitud:,21.17327483
Longitud:,-86.82492143
Centro comercial:,
Tipo de centro comercial:,
Número de local:,
Establecimiento 86,
id de establecimiento,6384059
Nombre de la unidad económica:,CUARTOS EN RENTA SIN NOMBRE
Razón social:,
Nombre de la clase de actividad:,Hoteles sin otros servicios integrados
Personal ocupado (estrato):,0 a 5 personas
Tipo de vialidad:,CALLE
Nombre de la vialidad:,7
Número exterior o km:,39
Número o letra interior:,
Nombre del asentamiento humano:,64
Código postal:,77524
"Entidad,Municipio,Localidad:","CANCÚN, Benito Juárez, QUINTANA ROO"
Número de teléfono:,
Correo electrónico:,
Sitio en Internet:,
Tipo de unidad económica:,Fijo
Latitud:,21.17320951
Longitud:,-86.82488235
Centro comercial:,
Tipo de centro comercial:,
Número de local:,
Establecimiento 87,
id de establecimiento,6386800
Nombre de la unidad económica:,IXCHEL BEACH HOTEL OFICINA CANCUN
Razón social:,OPERADORA IXCHEL SA DE CV
Nombre de la clase de actividad:,Hoteles con otros servicios integrados
Personal ocupado (estrato):,6 a 10 personas
Tipo de vialidad:,AVENIDA
Nombre de la vialidad:,NICHUPTÉ
Número exterior o km:,22
Número o letra interior:,0
Nombre del asentamiento humano:,16
Código postal:,77505
"Entidad,Municipio,Localidad:","CANCÚN, Benito Juárez, QUINTANA ROO"
Número de teléfono:,
Correo electrónico:,RESERVATION@IXCHELBEACHHOTEL.COM
Sitio en Internet:,WWW.IXCHELBEACHHOTEL.COM
Tipo de unidad económica:,Fijo
Latitud:,21.14146614
Longitud:,-86.83162213
Centro comercial:,PLAZA NICHUPTE
Tipo de centro comercial:,
Número de local:,30
Establecimiento 88,
id de establecimiento,6273453
Nombre de la unidad económica:,HOTEL LOS CUATES DE CANCUN
Razón social:,
Nombre de la clase de actividad:,Hoteles sin otros servicios integrados
Personal ocupado (estrato):,11 a 30 personas
Tipo de vialidad:,AVENIDA
Nombre de la vialidad:,LÓPEZ PORTILLO
Número exterior o km:,
Número o letra interior:,
Nombre del asentamiento humano:,64
Código postal:,77524
"Entidad,Municipio,Localidad:","CANCÚN, Benito Juárez, QUINTANA ROO"
Número de teléfono:,
Correo electrónico:,
Sitio en Internet:,
Tipo de unidad económica:,Fijo
Latitud:,21.17465304
Longitud:,-86.82530341
Centro comercial:,
Tipo de centro comercial:,
Número de local:,
Establecimiento 89,
id de establecimiento,8645037
Nombre de la unidad económica:,HOTEL BLUE COCONUT
Razón social:,
Nombre de la clase de actividad:,Pensiones y casas de huéspedes
Personal ocupado (estrato):,6 a 10 personas
Tipo de vialidad:,CALLE
Nombre de la vialidad:,16 ORIENTE
Número exterior o km:,
Número o letra interior:,
Nombre del asentamiento humano:,SUPMZ 65
Código postal:,77524
"Entidad,Municipio,Localidad:","CANCÚN, Benito Juárez, QUINTANA ROO"
Número de teléfono:,
Correo electrónico:,
Sitio en Internet:,
Tipo de unidad económica:,Fijo
Latitud:,21.17559444
Longitud:,-86.82565893
Centro comercial:,
Tipo de centro comercial:,
Número de local:,
Establecimiento 90,
id de establecimiento,6384037
Nombre de la unidad económica:,HOTEL JARDÍN
Razón social:,
Nombre de la clase de actividad:,Hoteles sin otros servicios integrados
Personal ocupado (estrato):,6 a 10 personas
Tipo de vialidad:,CALLE
Nombre de la vialidad:,4
Número exterior o km:,
Número o letra interior:,
Nombre del asentamiento humano:,64
Código postal:,77524
"Entidad,Municipio,Localidad:","CANCÚN, Benito Juárez, QUINTANA ROO"
Número de teléfono:,
Correo electrónico:,
Sitio en Internet:,
Tipo de unidad económica:,Fijo
Latitud:,21.1725561
Longitud:,-86.82390894
Centro comercial:,
Tipo de centro comercial:,
Número de local:,
Establecimiento 91,
id de establecimiento,6273457
Nombre de la unidad económica:,HOTEL PLAZA TICUCH
Razón social:,
Nombre de la clase de actividad:,Hoteles sin otros servicios integrados
Personal ocupado (estrato):,6 a 10 personas
Tipo de vialidad:,CALLE
Nombre de la vialidad:,18
Número exterior o km:,1
Número o letra interior:,0
Nombre del asentamiento humano:,65 MZ28 L25 Y 26
Código postal:,77524
"Entidad,Municipio,Localidad:","CANCÚN, Benito Juárez, QUINTANA ROO"
Número de teléfono:,
Correo electrónico:,DELFINAMELIDATICUCH@GMAIL.COM
Sitio en Internet:,
Tipo de unidad económica:,Fijo
Latitud:,21.17671404
Longitud:,-86.82558263
Centro comercial:,
Tipo de centro comercial:,
Número de local:,
Establecimiento 92,
id de establecimiento,3654630
Nombre de la unidad económica:,HOTEL SHOPS
Razón social:,OPERADORA HOTEL SHOPS S DE RL DE CV
Nombre de la clase de actividad:,Comercio al por menor de artículos de joyería y relojes
Personal ocupado (estrato):,11 a 30 personas
Tipo de vialidad:,AVENIDA
Nombre de la vialidad:,BONAMPAK
Número exterior o km:,7
Número o letra interior:,
Nombre del asentamiento humano:,PUERTO CANCUN
Código postal:,77500
"Entidad,Municipio,Localidad:","CANCÚN, Benito Juárez, QUINTANA ROO"
Número de teléfono:,9988839684
Correo electrónico:,
Sitio en Internet:,
Tipo de unidad económica:,Fijo
Latitud:,21.16138076
Longitud:,-86.8205886
Centro comercial:,BONAMPAK
Tipo de centro comercial:,CENTRO Y PLAZA COMERCIAL
Número de local:,L
Establecimiento 93,
id de establecimiento,8331520
Nombre de la unidad económica:,9 JOYERIA HOTELSHOPS
Razón social:,PELTUR S DE RL DE CV
Nombre de la clase de actividad:,Comercio al por menor de artículos de joyería y relojes
Personal ocupado (estrato):,0 a 5 personas
Tipo de vialidad:,PROLONGACION
Nombre de la vialidad:,5TA AVENIDA
Número exterior o km:,0
Número o letra interior:,
Nombre del asentamiento humano:,HOTEL PRINCESS YUCATAN
Código postal:,77710
"Entidad,Municipio,Localidad:","CANCÚN, Benito Juárez, QUINTANA ROO"
Número de teléfono:,
Correo electrónico:,IMPUESTOS@HOTEL-SHOPS.COM
Sitio en Internet:,
Tipo de unidad económica:,Fijo
Latitud:,21.16188081
Longitud:,-86.82054573
Centro comercial:,
Tipo de centro comercial:,
Número de local:,
Establecimiento 94,
id de establecimiento,8673711
Nombre de la unidad económica:,HOTEL MEXICASA CANCUN
Razón social:,HOTEL MEXICASA CANCUN
Nombre de la clase de actividad:,Hoteles con otros servicios integrados
Personal ocupado (estrato):,6 a 10 personas
Tipo de vialidad:,CALLE
Nombre de la vialidad:,TIERRA
Número exterior o km:,220
Número o letra interior:,
Nombre del asentamiento humano:,SUPMZ 4
Código postal:,77500
"Entidad,Municipio,Localidad:","CANCÚN, Benito Juárez, QUINTANA ROO"
Número de teléfono:,9982513219
Correo electrónico:,MEXICASACANCUN@GMAIL.COM
Sitio en Internet:,
Tipo de unidad económica:,Fijo
Latitud:,21.15186486
Longitud:,-86.8219526
Centro comercial:,
Tipo de centro comercial:,
Número de local:,
Establecimiento 95,
id de establecimiento,6273516
Nombre de la unidad económica:,HOTEL OLIMPO
Razón social:,GUACAMAYAS AMARILLAS SA DE CV
Nombre de la clase de actividad:,Hoteles sin otros servicios integrados
Personal ocupado (estrato):,0 a 5 personas
Tipo de vialidad:,AVENIDA
Nombre de la vialidad:,BONAMPAK
Número exterior o km:,221
Número o letra interior:,
Nombre del asentamiento humano:,MANZANA 20
Código postal:,77500
"Entidad,Municipio,Localidad:","CANCÚN, Benito Juárez, QUINTANA ROO"
Número de teléfono:,
Correo electrónico:,
Sitio en Internet:,
Tipo de unidad económica:,Fijo
Latitud:,21.15208795
Longitud:,-86.82172662
Centro comercial:,
Tipo de centro comercial:,
Número de local:,
Establecimiento 96,
id de establecimiento,6383831
Nombre de la unidad económica:,HOTEL BONAMPAK
Razón social:,HOTEL CAOBA BONAMPAK SA
Nombre de la clase de actividad:,Hoteles con otros servicios integrados
Personal ocupado (estrato):,31 a 50 personas
Tipo de vialidad:,AVENIDA
Nombre de la vialidad:,BONAMPAK SM4 MZ9 LT 4851
Número exterior o km:,225
Número o letra interior:,
Nombre del asentamiento humano:,4
Código postal:,77500
"Entidad,Municipio,Localidad:","CANCÚN, Benito Juárez, QUINTANA ROO"
Número de teléfono:,
Correo electrónico:,MARYMAR14179@HOTMAIL.COM
Sitio en Internet:,
Tipo de unidad económica:,Fijo
Latitud:,21.15147716
Longitud:,-86.82176631
Centro comercial:,
Tipo de centro comercial:,
Número de local:,
Establecimiento 97,
id de establecimiento,6273452
Nombre de la unidad económica:,HOTEL AZTECA
Razón social:,
Nombre de la clase de actividad:,Hoteles sin otros servicios integrados
Personal ocupado (estrato):,6 a 10 personas
Tipo de vialidad:,AVENIDA
Nombre de la vialidad:,LOPEZ PORTILLO
Número exterior o km:,
Número o letra interior:,
Nombre del asentamiento humano:,SUPERMANZANA 64
Código postal:,77524
"Entidad,Municipio,Localidad:","CANCÚN, Benito Juárez, QUINTANA ROO"
Número de teléfono:,
Correo electrónico:,NOMINA-AZTECA@HOTMAIL.COM
Sitio en Internet:,
Tipo de unidad económica:,Fijo
Latitud:,21.17565874
Longitud:,-86.82330187
Centro comercial:,
Tipo de centro comercial:,
Número de local:,
Establecimiento 98,
id de establecimiento,6383753
Nombre de la unidad económica:,HOTEL HACIENDA DE CASTILLA
Razón social:,INMOBILIARIA ONGAY REYES SA DE CV
Nombre de la clase de actividad:,Hoteles con otros servicios integrados
Personal ocupado (estrato):,11 a 30 personas
Tipo de vialidad:,CALLE
Nombre de la vialidad:,CALLE 17
Número exterior o km:,1
Número o letra interior:,0
Nombre del asentamiento humano:,64 MZ 23 L9-14
Código postal:,77524
"Entidad,Municipio,Localidad:","CANCÚN, Benito Juárez, QUINTANA ROO"
Número de teléfono:,
Correo electrónico:,INFO@HOTELHACIENDADECASTILLA.COM
Sitio en Internet:,WWW.HOTELHACIENDADECASTILLA.COM
Tipo de unidad económica:,Fijo
Latitud:,21.17409349
Longitud:,-86.82228263
Centro comercial:,
Tipo de centro comercial:,
Número de local:,
Establecimiento 99,
id de establecimiento,6273456
Nombre de la unidad económica:,HOTEL CAMPESTRE LAS PALMAS
Razón social:,
Nombre de la clase de actividad:,Hoteles sin otros servicios integrados
Personal ocupado (estrato):,0 a 5 personas
Tipo de vialidad:,OTRO (ESPECIFIQUE)
Nombre de la vialidad:,10
Número exterior o km:,
Número o letra interior:,
Nombre del asentamiento humano:,64
Código postal:,77524
"Entidad,Municipio,Localidad:","CANCÚN, Benito Juárez, QUINTANA ROO"
Número de teléfono:,
Correo electrónico:,
Sitio en Internet:,
Tipo de unidad económica:,Fijo
Latitud:,21.17493653
Longitud:,-86.82264752
Centro comercial:,
Tipo de centro comercial:,
Número de local:,
Establecimiento 100,
id de establecimiento,6273682
Nombre de la unidad económica:,LEADING DESTINATIONS
Razón social:,HOTELES CLUB TULUM SA DE CV
Nombre de la clase de actividad:,Agencias de viajes
Personal ocupado (estrato):,11 a 30 personas
Tipo de vialidad:,AVENIDA
Nombre de la vialidad:,RODRIGO GÓMEZ
Número exterior o km:,22
Número o letra interior:,12
Nombre del asentamiento humano:,13
Código postal:,77504
"Entidad,Municipio,Localidad:","CANCÚN, Benito Juárez, QUINTANA ROO"
Número de teléfono:,
Correo electrónico:,MTUZ@LEADING-DESTINATIONS.COM
Sitio en Internet:,WWW.LEADING-DESTINATIONS.COM
Tipo de unidad económica:,Fijo
Latitud:,21.13769579
Longitud:,-86.83247018
Centro comercial:,
Tipo de centro comercial:,
Número de local:,12
Establecimiento 101,
id de establecimiento,6311016
Nombre de la unidad económica:,HOTEL IBIS CANCÚN CENTRO
Razón social:,ACCOR MEXICO HOTELS SA DE CV
Nombre de la clase de actividad:,Hoteles con otros servicios integrados
Personal ocupado (estrato):,31 a 50 personas
Tipo de vialidad:,AVENIDA
Nombre de la vialidad:,NICHUPTÉ
Número exterior o km:,0
Número o letra interior:,0
Nombre del asentamiento humano:,CENTRO
Código postal:,77504
"Entidad,Municipio,Localidad:","CANCÚN, Benito Juárez, QUINTANA ROO"
Número de teléfono:,
Correo electrónico:,
Sitio en Internet:,
Tipo de unidad económica:,Fijo
Latitud:,21.14391498
Longitud:,-86.82551113
Centro comercial:,
Tipo de centro comercial:,
Número de local:,
Establecimiento 102,
id de establecimiento,8763849
Nombre de la unidad económica:,HOTEL DNA
Razón social:,SELENE NÚÑEZ
Nombre de la clase de actividad:,Hoteles sin otros servicios integrados
Personal ocupado (estrato):,0 a 5 personas
Tipo de vialidad:,PRIVADA
Nombre de la vialidad:,NINGUNO
Número exterior o km:,
Número o letra interior:,
Nombre del asentamiento humano:,SUPERMANZANA 64
Código postal:,77524
"Entidad,Municipio,Localidad:","CANCÚN, Benito Juárez, QUINTANA ROO"
Número de teléfono:,
Correo electrónico:,
Sitio en Internet:,
Tipo de unidad económica:,Fijo
Latitud:,21.17543002
Longitud:,-86.82256706
Centro comercial:,
Tipo de centro comercial:,
Número de local:,
Establecimiento 103,
id de establecimiento,9016307
Nombre de la unidad económica:,TELE HOTEL
Razón social:,
Nombre de la clase de actividad:,Reparación y mantenimiento de equipo electrónico de uso doméstico
Personal ocupado (estrato):,6 a 10 personas
Tipo de vialidad:,AVENIDA
Nombre de la vialidad:,LOPEZ PORTILLO
Número exterior o km:,5
Número o letra interior:,
Nombre del asentamiento humano:,SUPERMANZANA 102
Código postal:,77538
"Entidad,Municipio,Localidad:","CANCÚN, Benito Juárez, QUINTANA ROO"
Número de teléfono:,9982271768
Correo electrónico:,
Sitio en Internet:,
Tipo de unidad económica:,Fijo
Latitud:,21.14807068
Longitud:,-86.87982915
Centro comercial:,
Tipo de centro comercial:,
Número de local:,
Establecimiento 104,
id de establecimiento,6384973
Nombre de la unidad económica:,TELE HOTEL
Razón social:,TELE HOTEL SA DE CV
Nombre de la clase de actividad:,Alquiler de maquinaria y equipo comercial y de servicios
Personal ocupado (estrato):,0 a 5 personas
Tipo de vialidad:,AVENIDA
Nombre de la vialidad:,LÓPEZ PORTILLO
Número exterior o km:,15
Número o letra interior:,0
Nombre del asentamiento humano:,102
Código postal:,77500
"Entidad,Municipio,Localidad:","CANCÚN, Benito Juárez, QUINTANA ROO"
Número de teléfono:,
Correo electrónico:,FSUAREZ@TELEHOTEL.COM
Sitio en Internet:,WWW.TELEHOTEL.COM.MX
Tipo de unidad económica:,Fijo
Latitud:,21.14787756
Longitud:,-86.88020545
Centro comercial:,
Tipo de centro comercial:,
Número de local:,
Establecimiento 105,
id de establecimiento,6421493
Nombre de la unidad económica:,ATB COMMERCE
Razón social:,ADMINISTRADORA TURISTICA BAGUIRA SA DE CV
Nombre de la clase de actividad:,Hoteles con otros servicios integrados
Personal ocupado (estrato):,0 a 5 personas
Tipo de vialidad:,OTRO (ESPECIFIQUE)
Nombre de la vialidad:,NINGUNO
Número exterior o km:,
Número o letra interior:,96
Nombre del asentamiento humano:,28
Código postal:,77536
"Entidad,Municipio,Localidad:","CANCÚN, Benito Juárez, QUINTANA ROO"
Número de teléfono:,
Correo electrónico:,
Sitio en Internet:,
Tipo de unidad económica:,Fijo
Latitud:,21.13167281
Longitud:,-86.84413
Centro comercial:,
Tipo de centro comercial:,
Número de local:,
Establecimiento 106,
id de establecimiento,8024687
Nombre de la unidad económica:,HOTEL ROSA ELENA
Razón social:,
Nombre de la clase de actividad:,Pensiones y casas de huéspedes
Personal ocupado (estrato):,0 a 5 personas
Tipo de vialidad:,AVENIDA
Nombre de la vialidad:,FRANCISCO I. MADERO
Número exterior o km:,
Número o letra interior:,
Nombre del asentamiento humano:,REGION 68
Código postal:,77524
"Entidad,Municipio,Localidad:","CANCÚN, Benito Juárez, QUINTANA ROO"
Número de teléfono:,
Correo electrónico:,
Sitio en Internet:,
Tipo de unidad económica:,Fijo
Latitud:,21.17972965
Longitud:,-86.82361112
Centro comercial:,
Tipo de centro comercial:,
Número de local:,
Establecimiento 107,
id de establecimiento,9018834
Nombre de la unidad económica:,HOTEL KRYSTAL URBAN
Razón social:,INMOBILIARIA HOTELERA CANCUN URBAN S DE RL DE CV
Nombre de la clase de actividad:,Hoteles con otros servicios integrados
Personal ocupado (estrato):,6 a 10 personas
Tipo de vialidad:,AVENIDA
Nombre de la vialidad:,SAYIL SN PLAZA KRYSTAL LOTE4 C07 SUPERMANZANA 4A
Número exterior o km:,0
Número o letra interior:,
Nombre del asentamiento humano:,SUPMZ 4-A
Código postal:,77500
"Entidad,Municipio,Localidad:","CANCÚN, Benito Juárez, QUINTANA ROO"
Número de teléfono:,
Correo electrónico:,
Sitio en Internet:,WWW.KRYSTAL-HOTELS.COM
Tipo de unidad económica:,Fijo
Latitud:,21.14966063
Longitud:,-86.82007764
Centro comercial:,
Tipo de centro comercial:,
Número de local:,
Establecimiento 108,
id de establecimiento,6853344
Nombre de la unidad económica:,PAYLESS CAR RENTAL HOTEL KRYSTAL URBAN
Razón social:,LJ VEGAS CAR RENTAL SA DE CV
Nombre de la clase de actividad:,Alquiler de automóviles sin chofer
Personal ocupado (estrato):,0 a 5 personas
Tipo de vialidad:,AVENIDA
Nombre de la vialidad:,SAYIL
Número exterior o km:,1
Número o letra interior:,0
Nombre del asentamiento humano:,4A
Código postal:,77500
"Entidad,Municipio,Localidad:","CANCÚN, Benito Juárez, QUINTANA ROO"
Número de teléfono:,
Correo electrónico:,CONTRALORIA@PAYLESSCARRENTAL.COM.MX
Sitio en Internet:,WWW.PAYLESSCARRENTAL.COM.MX
Tipo de unidad económica:,Fijo
Latitud:,21.14965587
Longitud:,-86.82005309
Centro comercial:,KRYSTAL URBAN
Tipo de centro comercial:,
Número de local:,4C
Establecimiento 109,
id de establecimiento,8486621
Nombre de la unidad económica:,ELIPARK HOTEL KRYSTAL CANCÚN
Razón social:,OPERADORA RICKY SA DE CV
Nombre de la clase de actividad:,Estacionamientos y pensiones para vehículos automotores
Personal ocupado (estrato):,0 a 5 personas
Tipo de vialidad:,AVENIDA
Nombre de la vialidad:,SAYIL
Número exterior o km:,4
Número o letra interior:,0
Nombre del asentamiento humano:,HOTEL KRYSTAL A UN COSTADO DE PLAZA DE TOROS
Código postal:,77500
"Entidad,Municipio,Localidad:","CANCÚN, Benito Juárez, QUINTANA ROO"
Número de teléfono:,
Correo electrónico:,GTEADMON@ELIPARK.COM
Sitio en Internet:,WWW.ELIPARK.COM
Tipo de unidad económica:,Fijo
Latitud:,21.14963731
Longitud:,-86.81995992
Centro comercial:,A UN COSTADO DE PLAZA DE TOROS
Tipo de centro comercial:,
Número de local:,7
Establecimiento 110,
id de establecimiento,6385034
Nombre de la unidad económica:,FIESTA INN MALECON LAS AMERICAS
Razón social:,GRUPO POSADAS SAB DE CV
Nombre de la clase de actividad:,Hoteles con otros servicios integrados
Personal ocupado (estrato):,51 a 100 personas
Tipo de vialidad:,AVENIDA
Nombre de la vialidad:,BONAMPAK
Número exterior o km:,0
Número o letra interior:,0
Nombre del asentamiento humano:,6A
Código postal:,77500
"Entidad,Municipio,Localidad:","CANCÚN, Benito Juárez, QUINTANA ROO"
Número de teléfono:,
Correo electrónico:,
Sitio en Internet:,WWW.FIESTAMERICANA.COM
Tipo de unidad económica:,Fijo
Latitud:,21.14647623
Longitud:,-86.82128885
Centro comercial:,PLAZA MALECON LAS AMERICAS
Tipo de centro comercial:,
Número de local:,SN
Establecimiento 111,
id de establecimiento,6384062
Nombre de la unidad económica:,HOTEL HACIENDA MAYA
Razón social:,
Nombre de la clase de actividad:,Hoteles sin otros servicios integrados
Personal ocupado (estrato):,0 a 5 personas
Tipo de vialidad:,CALLE
Nombre de la vialidad:,25 NORTE
Número exterior o km:,
Número o letra interior:,
Nombre del asentamiento humano:,28
Código postal:,77500
"Entidad,Municipio,Localidad:","CANCÚN, Benito Juárez, QUINTANA ROO"
Número de teléfono:,9988800009
Correo electrónico:,
Sitio en Internet:,
Tipo de unidad económica:,Fijo
Latitud:,21.17761382
Longitud:,-86.82150828
Centro comercial:,
Tipo de centro comercial:,
Número de local:,
Establecimiento 112,
id de establecimiento,6878485
Nombre de la unidad económica:,CITY EXPRESS CANCUN
Razón social:,PROMOTORA PLAZA SOL SA DE CV
Nombre de la clase de actividad:,Hoteles con otros servicios integrados
Personal ocupado (estrato):,11 a 30 personas
Tipo de vialidad:,AVENIDA
Nombre de la vialidad:,NICHUPTÉ
Número exterior o km:,0
Número o letra interior:,0
Nombre del asentamiento humano:,CENTRO
Código postal:,77500
"Entidad,Municipio,Localidad:","CANCÚN, Benito Juárez, QUINTANA ROO"
Número de teléfono:,
Correo electrónico:,CECUN.CONTADOR@CITYEXPRESS.COM.MX
Sitio en Internet:,WWW.CITYEXPRESS.COM
Tipo de unidad económica:,Fijo
Latitud:,21.14403986
Longitud:,-86.8224645
Centro comercial:,CITY EXPRESS
Tipo de centro comercial:,
Número de local:,
Establecimiento 113,
id de establecimiento,6273597
Nombre de la unidad económica:,CITY EXPRESS CANCUN
Razón social:,PROMOTORA PLAZA SOL SA DE CV
Nombre de la clase de actividad:,Hoteles sin otros servicios integrados
Personal ocupado (estrato):,11 a 30 personas
Tipo de vialidad:,AVENIDA
Nombre de la vialidad:,NICHUPTE LOTE 301
Número exterior o km:,3
Número o letra interior:,
Nombre del asentamiento humano:,SMZA 8 CANCUN
Código postal:,77500
"Entidad,Municipio,Localidad:","CANCÚN, Benito Juárez, QUINTANA ROO"
Número de teléfono:,
Correo electrónico:,N.GONZALEZ@HOTELESCITY.COM
Sitio en Internet:,WWW.HOTELESCITY.COM
Tipo de unidad económica:,Fijo
Latitud:,21.14404051
Longitud:,-86.82245241
Centro comercial:,
Tipo de centro comercial:,
Número de local:,
Establecimiento 114,
id de establecimiento,3631338
Nombre de la unidad económica:,HOTEL ROSA ELENA 2
Razón social:,
Nombre de la clase de actividad:,Moteles
Personal ocupado (estrato):,0 a 5 personas
Tipo de vialidad:,AVENIDA
Nombre de la vialidad:,LOPEZ PORTILLO
Número exterior o km:,
Número o letra interior:,
Nombre del asentamiento humano:,27
Código postal:,77500
"Entidad,Municipio,Localidad:","CANCÚN, Benito Juárez, QUINTANA ROO"
Número de teléfono:,9988801339
Correo electrónico:,H1ROSELENA@HOTMAIL.COM
Sitio en Internet:,
Tipo de unidad económica:,Fijo
Latitud:,21.17729141
Longitud:,-86.82076343
Centro comercial:,
Tipo de centro comercial:,
Número de local:,
Establecimiento 115,
id de establecimiento,6384827
Nombre de la unidad económica:,TERRACARIBE HOTEL
Razón social:,GRUPO PY CARMEN SA DE CV
Nombre de la clase de actividad:,Hoteles con otros servicios integrados
Personal ocupado (estrato):,11 a 30 personas
Tipo de vialidad:,AVENIDA
Nombre de la vialidad:,LÓPEZ PORTILLO
Número exterior o km:,3
Número o letra interior:,0
Nombre del asentamiento humano:,64 MZ 33 L70
Código postal:,77524
"Entidad,Municipio,Localidad:","CANCÚN, Benito Juárez, QUINTANA ROO"
Número de teléfono:,
Correo electrónico:,FACTURASHOTELTERRACARIBE@GMAIL.COM
Sitio en Internet:,
Tipo de unidad económica:,Fijo
Latitud:,21.17739171
Longitud:,-86.82002405
Centro comercial:,
Tipo de centro comercial:,
Número de local:,
Establecimiento 116,
id de establecimiento,6885739
Nombre de la unidad económica:,FOUR POINTS BY SHERATON CANCUN
Razón social:,HOSPITALITY CARIBBEAN HOTELS SA DE CV
Nombre de la clase de actividad:,Hoteles con otros servicios integrados
Personal ocupado (estrato):,51 a 100 personas
Tipo de vialidad:,AVENIDA
Nombre de la vialidad:,TULÚM
Número exterior o km:,12
Número o letra interior:,
Nombre del asentamiento humano:,12
Código postal:,77505
"Entidad,Municipio,Localidad:","CANCÚN, Benito Juárez, QUINTANA ROO"
Número de teléfono:,
Correo electrónico:,DAVID.UICAB@MARRIOTTHOTELS.COM
Sitio en Internet:,WWW.MARRIOTT.COM
Tipo de unidad económica:,Fijo
Latitud:,21.13699939
Longitud:,-86.82704428
Centro comercial:,
Tipo de centro comercial:,
Número de local:,
Establecimiento 117,
id de establecimiento,6706752
Nombre de la unidad económica:,CALL CENTER RESERV HOTEL
Razón social:,HAN CLUB SA DE CV
Nombre de la clase de actividad:,Agencias de viajes
Personal ocupado (estrato):,0 a 5 personas
Tipo de vialidad:,PRIVADA
Nombre de la vialidad:,NINGUNO
Número exterior o km:,
Número o letra interior:,
Nombre del asentamiento humano:,ZONA HOTELERA
Código postal:,77500
"Entidad,Municipio,Localidad:","CANCÚN, Benito Juárez, QUINTANA ROO"
Número de teléfono:,9984153109
Correo electrónico:,INFO@RESERVHOTEL.COM
Sitio en Internet:,WWW.RESERVHOTEL.COM
Tipo de unidad económica:,Fijo
Latitud:,21.16329863
Longitud:,-86.8151504
Centro comercial:,
Tipo de centro comercial:,
Número de local:,
Establecimiento 118,
id de establecimiento,6742547
Nombre de la unidad económica:,HOTEL ONE CANCUN
Razón social:,OPERADORA HOTELERA BANCO CHINCHORRO SA DE CV
Nombre de la clase de actividad:,Hoteles con otros servicios integrados
Personal ocupado (estrato):,11 a 30 personas
Tipo de vialidad:,AVENIDA
Nombre de la vialidad:,TULUM
Número exterior o km:,0
Número o letra interior:,
Nombre del asentamiento humano:,SUPERMANZANA
Código postal:,77504
"Entidad,Municipio,Localidad:","CANCÚN, Benito Juárez, QUINTANA ROO"
Número de teléfono:,
Correo electrónico:,CONTRALOR1CUCE@POSADAS.COM
Sitio en Internet:,WWW.ONEHOTELES.COM
Tipo de unidad económica:,Fijo
Latitud:,21.13505578
Longitud:,-86.82799978
Centro comercial:,
Tipo de centro comercial:,
Número de local:,
Establecimiento 119,
id de establecimiento,8042201
Nombre de la unidad económica:,HOTELES IN
Razón social:,SERVICIOS Y OPERACIONES HOTELES IN
Nombre de la clase de actividad:,Agencias de viajes
Personal ocupado (estrato):,11 a 30 personas
Tipo de vialidad:,CALLE
Nombre de la vialidad:,54
Número exterior o km:,0
Número o letra interior:,0
Nombre del asentamiento humano:,REGION 515
Código postal:,77535
"Entidad,Municipio,Localidad:","CANCÚN, Benito Juárez, QUINTANA ROO"
Número de teléfono:,
Correo electrónico:,
Sitio en Internet:,HOTELESIN.COM
Tipo de unidad económica:,Fijo
Latitud:,21.13374739
Longitud:,-86.87238378
Centro comercial:,
Tipo de centro comercial:,
Número de local:,
Establecimiento 120,
id de establecimiento,6383785
Nombre de la unidad económica:,HOTEL BEDS
Razón social:,CLUB TURAVIA SA DE CV
Nombre de la clase de actividad:,Organización de excursiones y paquetes turísticos para agencias de viajes
Personal ocupado (estrato):,101 a 250 personas
Tipo de vialidad:,AVENIDA
Nombre de la vialidad:,TULUM MZ 2 LT 1 SM 8
Número exterior o km:,286
Número o letra interior:,
Nombre del asentamiento humano:,8
Código postal:,77500
"Entidad,Municipio,Localidad:","CANCÚN, Benito Juárez, QUINTANA ROO"
Número de teléfono:,
Correo electrónico:,NPECH@HOTELBEDS.COM
Sitio en Internet:,
Tipo de unidad económica:,Fijo
Latitud:,21.13302883
Longitud:,-86.8283146
Centro comercial:,
Tipo de centro comercial:,
Número de local:,
Establecimiento 121,
id de establecimiento,8762993
Nombre de la unidad económica:,MOTEL KUIKI
Razón social:,HOTEL 22 SA DE CV
Nombre de la clase de actividad:,Moteles
Personal ocupado (estrato):,0 a 5 personas
Tipo de vialidad:,CALLE
Nombre de la vialidad:,102
Número exterior o km:,7
Número o letra interior:,
Nombre del asentamiento humano:,SUPERMANZANA 239
Código postal:,77527
"Entidad,Municipio,Localidad:","CANCÚN, Benito Juárez, QUINTANA ROO"
Número de teléfono:,
Correo electrónico:,
Sitio en Internet:,
Tipo de unidad económica:,Fijo
Latitud:,21.1912524
Longitud:,-86.82767341
Centro comercial:,
Tipo de centro comercial:,
Número de local:,
Establecimiento 122,
id de establecimiento,8720003
Nombre de la unidad económica:,HOTEL RENAISSANCE CANCUN RESORT & MARINA
Razón social:,OPERADORA MARINA PLAYA BLANCA SA DE CV
Nombre de la clase de actividad:,Hoteles con otros servicios integrados
Personal ocupado (estrato):,101 a 250 personas
Tipo de vialidad:,OTRO (ESPECIFIQUE)
Nombre de la vialidad:,SIN REFERENCIA
Número exterior o km:,
Número o letra interior:,
Nombre del asentamiento humano:,ZONA HOTELERA
Código postal:,77500
"Entidad,Municipio,Localidad:","CANCÚN, Benito Juárez, QUINTANA ROO"
Número de teléfono:,
Correo electrónico:,
Sitio en Internet:,
Tipo de unidad económica:,Fijo
Latitud:,21.16135229
Longitud:,-86.8098201
Centro comercial:,MARINA TOWN CENTER PUERTO CANCUN
Tipo de centro comercial:,CENTRO Y PLAZA COMERCIAL
Número de local:,SN
Establecimiento 123,
id de establecimiento,8839583
Nombre de la unidad económica:,HOTEL RUTA 7
Razón social:,
Nombre de la clase de actividad:,Hoteles sin otros servicios integrados
Personal ocupado (estrato):,0 a 5 personas
Tipo de vialidad:,CALLE
Nombre de la vialidad:,54
Número exterior o km:,
Número o letra interior:,
Nombre del asentamiento humano:,76
Código postal:,77527
"Entidad,Municipio,Localidad:","CANCÚN, Benito Juárez, QUINTANA ROO"
Número de teléfono:,
Correo electrónico:,
Sitio en Internet:,
Tipo de unidad económica:,Fijo
Latitud:,21.18838928
Longitud:,-86.82003658
Centro comercial:,
Tipo de centro comercial:,
Número de local:,
Establecimiento 124,
id de establecimiento,8133325
Nombre de la unidad económica:,MR WOOF HOTEL CANINO
Razón social:,
Nombre de la clase de actividad:,Otros servicios personales
Personal ocupado (estrato):,0 a 5 personas
Tipo de vialidad:,CALLE
Nombre de la vialidad:,OLIVO
Número exterior o km:,
Número o letra interior:,
Nombre del asentamiento humano:,SUPERMANZANA 313
Código postal:,77560
"Entidad,Municipio,Localidad:","CANCÚN, Benito Juárez, QUINTANA ROO"
Número de teléfono:,
Correo electrónico:,
Sitio en Internet:,
Tipo de unidad económica:,Fijo
Latitud:,21.12171473
Longitud:,-86.85450151
Centro comercial:,
Tipo de centro comercial:,
Número de local:,
Establecimiento 125,
id de establecimiento,6384061
Nombre de la unidad económica:,POSADA HOTEL SAN MARCOS
Razón social:,
Nombre de la clase de actividad:,Hoteles sin otros servicios integrados
Personal ocupado (estrato):,0 a 5 personas
Tipo de vialidad:,AVENIDA
Nombre de la vialidad:,PUERTO JUAREZ
Número exterior o km:,0
Número o letra interior:,0
Nombre del asentamiento humano:,MANZANA 9
Código postal:,77400
"Entidad,Municipio,Localidad:","CANCÚN, Benito Juárez, QUINTANA ROO"
Número de teléfono:,
Correo electrónico:,
Sitio en Internet:,
Tipo de unidad económica:,Fijo
Latitud:,21.18321853
Longitud:,-86.80878641
Centro comercial:,
Tipo de centro comercial:,
Número de local:,
